epoch,train_loss,train_pos_dist,train_neg_dist,val_loss,val_pos_dist,val_neg_dist,val_fpr95,lr,early_stop_best_fpr95,no_improve_epochs
1,0.5279892522990703,0.5790528845191002,1.0510636338591575,0.47865822158753873,0.5791336297988892,1.100590467453003,0.999316394329071,5.0,0.999316394329071,0
2,0.5039898523688316,0.551842378795147,1.047852522611618,0.4498836888372898,0.5596054196357727,1.1099154949188232,0.9697265625,10.0,0.9697265625,0
3,0.5147958337664604,0.5522507456243038,1.0374549127817154,0.4573118118941784,0.5761892199516296,1.1191853284835815,0.9860742092132568,9.999722712785427,0.9697265625,1
4,0.5157661743760109,0.5528356330692769,1.0370694601535797,0.4632529112696648,0.5751023888587952,1.111972689628601,0.9842382669448853,9.99888977143223,0.9697265625,2
5,0.5151754238903522,0.5510443640053272,1.0358689390420914,0.4840801464021206,0.5612400770187378,1.0773720741271973,0.9910742044448853,9.997501268234133,0.9697265625,3
6,0.5164995329082012,0.5523548441231251,1.0358553091287612,0.4680845099687576,0.5732633471488953,1.1052796840667725,0.9699609279632568,9.995557357506822,0.9697265625,4
7,0.5170939039587975,0.5529551912844181,1.035861288189888,0.4807254607230425,0.5811776518821716,1.1005018949508667,0.971386730670929,9.993058255292954,0.9697265625,5
8,0.517628963559866,0.5529138644039631,1.0352848999500275,0.4776395444571972,0.5826740860939026,1.1052128076553345,0.991992175579071,9.990004239338148,0.9697265625,6
9,0.5191372537016868,0.5547048944830895,1.035567642569542,0.47403662130236623,0.5717020630836487,1.0978460311889648,0.982617199420929,9.986395649060112,0.9697265625,7
10,0.5198673361837864,0.5550837238729001,1.0352163878679275,0.4697473043203354,0.572837769985199,1.1033084392547607,0.9842578172683716,9.982232885510923,0.9697265625,8
11,0.5186421879827976,0.5527894681096077,1.0341472824811935,0.5050639576464891,0.5703314542770386,1.065313696861267,0.9860742092132568,9.977516411332452,0.9697265625,9
12,0.5199551619589329,0.5549064599573612,1.0349512958526612,0.48578739061951637,0.5914222002029419,1.1057692766189575,0.9974804520606995,9.972246750704954,0.9697265625,10
13,0.5207348425090313,0.556235803514719,1.0355009610652923,0.4740979753434658,0.5743067860603333,1.1003315448760986,0.9841406345367432,9.966424489288805,0.9697265625,11
14,0.5216970538496971,0.5565421722531319,1.0348451229929925,0.5117460198700428,0.5928215980529785,1.0811506509780884,0.9959179759025574,9.960050274159416,0.9697265625,12
15,0.5218368249833584,0.557286291718483,1.035449468255043,0.46029332593083383,0.5822298526763916,1.1221106052398682,0.9935937523841858,9.953124813735313,0.9697265625,13
16,0.5210981239378453,0.556923956155777,1.0358258352279663,0.471532025039196,0.5871490836143494,1.1158063411712646,0.9935156106948853,9.945648877699414,0.9697265625,14
17,0.5211415424346924,0.5570282243788243,1.0358866856098174,0.4824601297080517,0.5631778836250305,1.080938458442688,0.9685742259025574,9.937623296913479,0.9697265625,15
18,0.5207012723684311,0.5553892556130886,1.0346879826784134,0.49458458155393603,0.570911169052124,1.0764042139053345,0.9660351276397705,9.929048963325775,0.9660351276397705,0
19,0.5224569436609745,0.5575496907830239,1.03509274828434,0.49009706065058706,0.5774978995323181,1.0875248908996582,0.9915820360183716,9.919926829871942,0.9660351276397705,1
20,0.522038214892149,0.5572032001316547,1.0351649858951568,0.47232975557446477,0.5716196894645691,1.0994819402694702,0.9952343702316284,9.910257910369094,0.9660351276397705,2
21,0.5207593889832497,0.5564631494283676,1.0357037593126297,0.48602678716182707,0.5624604821205139,1.0764821767807007,0.9774804711341858,9.90004327940313,0.9660351276397705,3
22,0.5228540442585945,0.5580990402400494,1.0352449976205826,0.46752576291561126,0.5802052617073059,1.1129529476165771,0.9738476276397705,9.889284072209328,0.9660351276397705,4
23,0.5236277461946011,0.5580029929578304,1.0343752495050431,0.47262704715132714,0.5662897229194641,1.0938259363174438,0.9810937643051147,9.877981484546154,0.9660351276397705,5
24,0.5212295673191547,0.5553942011594772,1.0341646327972411,0.47386732637882234,0.5811554193496704,1.107529878616333,0.9817187786102295,9.866136772562383,0.9660351276397705,6
25,0.5231962274312973,0.557117476016283,1.033921251654625,0.4831500113010406,0.560097336769104,1.077109694480896,0.9522851705551147,9.85375125265749,0.9522851705551147,0
26,0.5223388617038727,0.5572569227218628,1.034918063402176,0.4767715695500374,0.5657511949539185,1.0891141891479492,0.9971484541893005,9.840826301335344,0.9522851705551147,1
27,0.5210031330883503,0.5557538311779499,1.0347506972551346,0.46668562680482867,0.578025221824646,1.1114859580993652,0.9859765768051147,9.827363355051228,0.9522851705551147,2
28,0.5216073569953441,0.5570192738771439,1.0354119182825088,0.48003115743398667,0.5742599964141846,1.094413161277771,0.997265636920929,9.813363910052194,0.9522851705551147,3
29,0.5226508547067642,0.557327793508768,1.0346769429445266,0.46511801294982436,0.5697991847991943,1.1048723459243774,0.9808984398841858,9.798829522210774,0.9522851705551147,4
30,0.5236955997645855,0.5590502941310406,1.0353546968698502,0.5070282177627087,0.5499683022499084,1.0429675579071045,0.9575585722923279,9.783761806852064,0.9522851705551147,5
31,0.5234073868095874,0.5575893463790417,1.0341819585561753,0.4707409316301346,0.5778154730796814,1.1072945594787598,0.9813476800918579,9.768162438574196,0.9522851705551147,6
32,0.5225813864171505,0.557852607280016,1.0352712240219115,0.47079887479543686,0.5905389189720154,1.1199543476104736,0.9798828363418579,9.752033151062225,0.9522851705551147,7
33,0.5225682859122753,0.5572232486903668,1.0346549603939057,0.4682155628502369,0.5744274854660034,1.1063686609268188,0.9614648222923279,9.735375736895458,0.9522851705551147,8
34,0.5233221268057823,0.5582093103229999,1.0348871841430665,0.47994080431759356,0.5838043093681335,1.104088544845581,0.9916210770606995,9.718192047348227,0.9522851705551147,9
35,0.5219919075965881,0.5568628253638744,1.034870915055275,0.47991039134562014,0.5682153105735779,1.0884090662002563,0.9960156083106995,9.700483992184136,0.9522851705551147,10
36,0.521421331256628,0.557590892791748,1.036169561982155,0.4765724853426218,0.5758672952651978,1.099550724029541,0.9725000262260437,9.682253539443819,0.9522851705551147,11
37,0.5226344096660615,0.5580263656675816,1.0353919540643692,0.4601588316261768,0.5729669332504272,1.1130075454711914,0.9713281393051147,9.663502715226214,0.9522851705551147,12
38,0.5241142969727516,0.558699437648058,1.0345851420164107,0.4829557094722986,0.5694397687911987,1.0865542888641357,0.9691601395606995,9.644233603463391,0.9522851705551147,13
39,0.5230090807378293,0.5587717199325561,1.0357626379728317,0.45918855622410776,0.5639662146568298,1.1048930883407593,0.9892382621765137,9.624448345688938,0.9522851705551147,14
40,0.52314241117239,0.559684420734644,1.0365420118570328,0.46444184228777885,0.5734283328056335,1.1092361211776733,0.9906640648841858,9.604149140799962,0.9522851705551147,15
41,0.5218258019089699,0.5576500700116157,1.0358242634534836,0.4722650153934956,0.5815026760101318,1.1094261407852173,0.9961523413658142,9.583338244812705,0.9522851705551147,16
42,0.5208249599635602,0.5568457915782928,1.0360208313465118,0.4908265460282564,0.564474880695343,1.0736737251281738,0.9964258074760437,9.562017970611818,0.9522851705551147,17
43,0.5221002913415432,0.5578709807991982,1.0357706874608994,0.46744193583726884,0.5785362720489502,1.1112205982208252,0.9912499785423279,9.540190687693304,0.9522851705551147,18
44,0.5226033124923706,0.558022359907627,1.035419045329094,0.510709148645401,0.5835456848144531,1.0728440284729004,0.9905859231948853,9.517858821901182,0.9522851705551147,19
45,0.5248338852524758,0.5604870056211948,1.0356531215906144,0.48560476906597616,0.5688166618347168,1.0833324193954468,0.9919335842132568,9.495024855157887,0.9522851705551147,20
46,0.5208798073232174,0.5568239354491233,1.0359441281557082,0.4881597177684307,0.5682251453399658,1.0801235437393188,0.983691394329071,9.471691325188422,0.9522851705551147,21
47,0.5208080142140389,0.5572650986015797,1.03645708155632,0.464935212507844,0.5863926410675049,1.1218336820602417,0.9934375286102295,9.447860825238333,0.9522851705551147,22
48,0.5206544914841652,0.5563277532756329,1.0356732615232467,0.47666774347424506,0.5741434693336487,1.0975351333618164,0.9826562404632568,9.423536003785488,0.9522851705551147,23
49,0.5194860282838345,0.5553096712529659,1.0358236404657364,0.4848762407898903,0.5675516724586487,1.082863211631775,0.9906640648841858,9.398719564245742,0.9522851705551147,24
50,0.5221602290570736,0.5576009669899941,1.0354407342672347,0.4752868677675724,0.5927935242652893,1.1178157329559326,0.9917187690734863,9.373414264672476,0.9522851705551147,25
51,0.5236532726585865,0.5590812603831291,1.035427986741066,0.460644561201334,0.5727868676185608,1.1124004125595093,0.9784960746765137,9.347622917450074,0.9522851705551147,26
52,0.5208804104328155,0.5577738940119743,1.0368934837579726,0.4757206478714943,0.5911539196968079,1.1156120300292969,0.9804297089576721,9.321348388981365,0.9522851705551147,27
53,0.5237777263224125,0.5594955441355706,1.0357178205251694,0.46293331690132616,0.5798662304878235,1.1171958446502686,0.9649023413658142,9.294593599369044,0.9522851705551147,28
54,0.5188982191681862,0.5574218624830246,1.0385236427783966,0.4803334899246693,0.5825682282447815,1.1023839712142944,0.9799218773841858,9.267361522091152,0.9522851705551147,29
55,0.5208911262750625,0.5579587410986423,1.0370676138401032,0.48482127785682677,0.5675373673439026,1.082767367362976,0.9869531393051147,9.239655183670596,0.9522851705551147,30
56,0.5214241971373558,0.5587929273843766,1.0373687286376954,0.4550320817530155,0.5737374424934387,1.1189156770706177,0.9546679854393005,9.2114776633388,0.9522851705551147,31
57,0.5209705511927605,0.5580013742744923,1.0370308295488357,0.4736029030382633,0.5774798393249512,1.1040451526641846,0.9873242378234863,9.182832092693474,0.9522851705551147,32
58,0.519157629698515,0.5565921946763992,1.0374345695972442,0.46907611928880216,0.5615606904029846,1.0925781726837158,0.9823242425918579,9.153721655350575,0.9522851705551147,33
59,0.521205353051424,0.5581550564467906,1.036949702501297,0.47782844260334967,0.5866132974624634,1.1088794469833374,0.9986718893051147,9.124149586590491,0.9522851705551147,34
60,0.5205510455071927,0.5577816426455975,1.0372305977344514,0.47766185089945795,0.5879665613174438,1.1105525493621826,0.988964855670929,9.094119172998477,0.9522851705551147,35
61,0.519491506665945,0.5568963109850883,1.0374048058986665,0.46322851166129114,0.5676311254501343,1.1046440601348877,0.986523449420929,9.063633752099387,0.9522851705551147,36
62,0.5217946760356427,0.5588410531282425,1.0370463782548904,0.48712924391031265,0.5975725650787354,1.110587477684021,0.9942578077316284,9.032696711986748,0.9522851705551147,37
63,0.5190147188007832,0.5565238235592842,1.0375091050863265,0.46461559385061263,0.5737452507019043,1.109442114830017,0.9920898675918579,9.001311490946218,0.9522851705551147,38
64,0.5177309252917767,0.5569004026055336,1.0391694767475128,0.469063353985548,0.5683155059814453,1.0994969606399536,0.9886913895606995,8.969481577073454,0.9522851705551147,39
65,0.5200419428944588,0.5583022055923939,1.0382602622509003,0.4717224955558777,0.5769811272621155,1.1053928136825562,0.9969335794448853,8.937210507886455,0.9522851705551147,40
66,0.5188588013350963,0.5573819218277931,1.0385231205224992,0.46410868093371394,0.5822092294692993,1.1183650493621826,0.9848046898841858,8.904501869932412,0.9522851705551147,41
67,0.5184445652961731,0.5572763970196247,1.0388318316936493,0.4800791034847498,0.5776242017745972,1.0976638793945312,0.9944921731948853,8.871359298389104,0.9522851705551147,42
68,0.5186213161349297,0.5575139395296573,1.0388926211595535,0.48152195282280447,0.5638067126274109,1.0824122428894043,0.9885156154632568,8.837786476660884,0.9522851705551147,43
69,0.5182456380426884,0.5567371093630791,1.0384914734363555,0.48008731842041014,0.5825070738792419,1.1025784015655518,0.982421875,8.803787135969323,0.9522851705551147,44
70,0.5173945327103138,0.55597325989604,1.038578728914261,0.4670905770361424,0.5690516829490662,1.1020547151565552,0.9583203196525574,8.769365054938522,0.9522851705551147,45
71,0.5187360571324825,0.557742025732994,1.0390059698820113,0.49909414395689966,0.5900611281394958,1.090987205505371,0.9921289086341858,8.734524059175166,0.9522851705551147,46
72,0.517799239039421,0.556539521753788,1.0387402832508088,0.4901579423248768,0.5581198334693909,1.0680232048034668,0.9793164134025574,8.699268020843352,0.9522851705551147,47
73,0.5151912975609303,0.5550805242955684,1.0398892279863357,0.4629525722563267,0.5730069875717163,1.1102358102798462,0.96337890625,8.66360085823424,0.9522851705551147,48
74,0.518024920552969,0.5571556034088134,1.0391306871175765,0.505062790364027,0.5910233855247498,1.0860650539398193,0.9975976347923279,8.627526535330588,0.9522851705551147,49
75,0.5179425799846649,0.5569355021119118,1.038992917060852,0.469475475102663,0.5871586799621582,1.1178094148635864,0.9967578053474426,8.591049061366201,0.9522851705551147,50
76,0.5167253282666207,0.5562840940356255,1.0395587675571443,0.4768515685200691,0.5864173769950867,1.1097687482833862,0.9830077886581421,8.554172490380346,0.9522851705551147,51
77,0.5160914976894856,0.5567254075706005,1.0406339087486267,0.47240333512425425,0.5795923471450806,1.1073670387268066,0.9953320026397705,8.5169009207672,0.9522851705551147,52
78,0.5171312498748303,0.5576908093094826,1.0405595617294312,0.4762510180473328,0.5700782537460327,1.093965768814087,0.9782617092132568,8.479238494820361,0.9522851705551147,53
79,0.5148755006194115,0.5551771819889545,1.0403016803264618,0.477972032725811,0.5834403038024902,1.105613112449646,0.9917382597923279,8.441189398272478,0.9522851705551147,54
80,0.516680911540985,0.5564681523740291,1.0397872397899628,0.4810702913999558,0.5794367790222168,1.0985385179519653,0.9967187643051147,8.402757859830059,0.9522851705551147,55
81,0.5179506058692932,0.5575887648165226,1.0396381559371948,0.45617874547839166,0.5808209776878357,1.1249117851257324,0.9950390458106995,8.363948150703502,0.9522851705551147,56
82,0.5148967689871788,0.5549772540330887,1.0400804866552353,0.46876469723880293,0.5786038041114807,1.1099684238433838,0.9859765768051147,8.324764584132392,0.9522851705551147,57
83,0.5181586541831493,0.5591041249930858,1.040945468068123,0.4588477469980717,0.5772847533226013,1.118595004081726,0.9311718940734863,8.285211514906148,0.9311718940734863,0
84,0.5152056460678578,0.5567259036004544,1.0415202559232712,0.4651823700964451,0.573677122592926,1.108726978302002,0.9823828339576721,8.245293338880034,0.9311718940734863,1
85,0.5145176656544208,0.5562981026470661,1.041780432343483,0.4670032509416342,0.5934059619903564,1.1267317533493042,0.9865429401397705,8.205014492486605,0.9311718940734863,2
86,0.5155686988830567,0.5567481723427773,1.0411794729232788,0.4950120145827532,0.5803909301757812,1.0854589939117432,0.9955078363418579,8.164379452242661,0.9311718940734863,3
87,0.5145109723806381,0.5560748370885849,1.041563863992691,0.4769812358915806,0.5822028517723083,1.10530686378479,0.9918749928474426,8.123392734251734,0.9311718940734863,4
88,0.5169346970617771,0.558507942289114,1.0415732469558716,0.4710668106377125,0.5825408697128296,1.111599087715149,0.9836132526397705,8.082058893702165,0.9311718940734863,5
89,0.5160484032928944,0.5575949710607528,1.04154656791687,0.4750960427522659,0.5833309292793274,1.1083332300186157,0.9911133050918579,8.040382524360856,0.9311718940734863,6
90,0.51392316031456,0.5562496323883533,1.0423264764547349,0.4583293505012989,0.5736491680145264,1.1154205799102783,0.9792578220367432,7.998368258062741,0.9311718940734863,7
91,0.5131280155777931,0.5558394216299057,1.0427114100456238,0.4710959219932556,0.572325587272644,1.1013963222503662,0.990527331829071,7.956020764195986,0.9311718940734863,8
92,0.5148287450373172,0.5571151183843612,1.0422863750457763,0.5018591320514679,0.5777251720428467,1.075960397720337,0.9923632740974426,7.913344749183061,0.9311718940734863,9
93,0.5135361782610416,0.5568057144880295,1.043269532084465,0.4747487843036652,0.5700774192810059,1.0954149961471558,0.96923828125,7.87034495595767,0.9311718940734863,10
94,0.5126946219801902,0.5565085632503033,1.0438139404058457,0.45045546397566794,0.5553914904594421,1.1052241325378418,0.9371874928474426,7.827026163437631,0.9311718940734863,11
95,0.5110717678666115,0.5552875849008561,1.04421581530571,0.4650068002194166,0.587620198726654,1.1227548122406006,0.9983789324760437,7.783393185993757,0.9311718940734863,12
96,0.509750624358654,0.5537127748727798,1.0439621514081956,0.47044180050492285,0.5518553853034973,1.0815520286560059,0.9740039110183716,7.7394508729147935,0.9311718940734863,13
97,0.5146383282840252,0.5580978468358516,1.0434595177173613,0.46083863601088526,0.5781962275505066,1.1177352666854858,0.9862109422683716,7.69520410786848,0.9311718940734863,14
98,0.5119337656199933,0.5559437345564365,1.0440099685192108,0.4608526092767715,0.5687800645828247,1.1081010103225708,0.9883202910423279,7.650657808358787,0.9311718940734863,15
99,0.5108466817140579,0.5556555046141147,1.044808821439743,0.45431042209267614,0.569195568561554,1.1152448654174805,0.9410156011581421,7.60581692517939,0.9311718940734863,16
100,0.5118753106892109,0.5563736509382725,1.0444983426332475,0.46549086675047874,0.5866247415542603,1.1213911771774292,0.9810351729393005,7.5606864418634565,0.9311718940734863,17
101,0.5089954019486904,0.554650335162878,1.0456549309492111,0.4542178900539875,0.5814889669418335,1.127515196800232,0.9879101514816284,7.515271374129777,0.9311718940734863,18
102,0.5095979839265347,0.555339399755001,1.0457414137125016,0.4712198506295681,0.5762472748756409,1.1050883531570435,0.9951562285423279,7.469576769325328,0.9311718940734863,19
103,0.5103813556134701,0.5554481747150422,1.0450668151378633,0.4499200699478388,0.5805023312568665,1.130819320678711,0.9610351324081421,7.423607705864324,0.9311718940734863,20
104,0.5066169698238373,0.5530330637395382,1.0464160940647125,0.46545402102172373,0.5772924423217773,1.1121875047683716,0.9920898675918579,7.377369292663809,0.9311718940734863,21
105,0.5087856781184673,0.5551593663990497,1.0463736873865128,0.4837762753665447,0.5614106059074402,1.077701210975647,0.9868359565734863,7.33086666857586,0.9311718940734863,22
106,0.5076424497663975,0.5541790852546692,1.0465366352796555,0.4585778996348381,0.5612927675247192,1.1029189825057983,0.9810742139816284,7.284105001816465,0.9311718940734863,23
107,0.5074807778596878,0.5542292068600655,1.0467484282255173,0.4645090265572071,0.5650497674942017,1.100719928741455,0.9786328077316284,7.2370894893911375,0.9311718940734863,24
108,0.5080602569580078,0.5546513690948486,1.0465911138057709,0.46342989020049574,0.5879152417182922,1.1247832775115967,0.9732421636581421,7.189825356517332,0.9311718940734863,25
109,0.5085340191423893,0.55516659283638,1.0466325738430022,0.4602520658820868,0.5734342932701111,1.1132922172546387,0.9547656178474426,7.1423178560437215,0.9311718940734863,26
110,0.5073173500597477,0.5552499593198299,1.0479326112270355,0.44976683385670185,0.5756776332855225,1.1260844469070435,0.9733593463897705,7.094572267866404,0.9311718940734863,27
111,0.5072410127222537,0.5543719216287136,1.047130910396576,0.47283854357898236,0.5751862525939941,1.1024593114852905,0.9921093583106995,7.046593898342108,0.9311718940734863,28
112,0.5080020671784877,0.5547254951000213,1.0467234282493592,0.4720009396970272,0.5896532535552979,1.1178117990493774,0.9563281536102295,6.9983880796984534,0.9311718940734863,29
113,0.5045369721651077,0.553417348921299,1.048880380988121,0.44920657083392146,0.5778234601020813,1.1288502216339111,0.9175781011581421,6.949960169441332,0.9175781011581421,0
114,0.505420433551073,0.5539738945364953,1.0485534596443176,0.4736877118051052,0.5897164344787598,1.1160866022109985,0.9944726824760437,6.901315549759492,0.9175781011581421,1
115,0.5044786331653595,0.5536643011271953,1.0491856662034988,0.4661638870835304,0.5899523496627808,1.1238839626312256,0.9920117259025574,6.8524596269263665,0.9175781011581421,2
116,0.5052697463035584,0.5547765581905841,1.0495068144798279,0.45266159407794476,0.5607250332832336,1.1082857847213745,0.8998437523841858,6.803397830699234,0.8998437523841858,0
117,0.50592431178689,0.5556164054274559,1.0496920944452286,0.45396122463047506,0.5620812773704529,1.108513355255127,0.9508593678474426,6.75413561371576,0.8998437523841858,1
118,0.5042691925168037,0.553274675399065,1.0490054866075516,0.4598646792769432,0.5709904432296753,1.1114627122879028,0.9813281297683716,6.704678450888002,0.8998437523841858,2
119,0.5018856563866139,0.5517613517343998,1.049875692486763,0.4641298118233681,0.5832244753837585,1.1193437576293945,0.966601550579071,6.655031838793946,0.8998437523841858,3
120,0.5053824681639671,0.5545293540656566,1.0491468918323517,0.4549224790930748,0.5728117227554321,1.1180919408798218,0.9683398604393005,6.605201295066614,0.8998437523841858,4
121,0.5041940324008465,0.5537465395331382,1.049552508354187,0.4568857418000698,0.5684259533882141,1.1117173433303833,0.9788671731948853,6.555192357780856,0.8998437523841858,5
122,0.5019934009611606,0.5532167166173458,1.0512233135700226,0.44296908140182495,0.544540524482727,1.1016480922698975,0.914843738079071,6.5050105848378506,0.8998437523841858,6
123,0.5010488210320473,0.552476096779108,1.0514272768497468,0.4448430237919092,0.5617056488990784,1.1170696020126343,0.8672265410423279,6.454661553347412,0.8672265410423279,0
124,0.5010778549015522,0.5523233771920204,1.0512455215454102,0.4601150235533714,0.5796532034873962,1.1197357177734375,0.9639453291893005,6.404150859008165,0.8672265410423279,1
125,0.49973752117156983,0.551849964261055,1.052112440466881,0.4626580081880093,0.5706378817558289,1.1082289218902588,0.9867187738418579,6.35348411548564,0.8672265410423279,2
126,0.500648238927126,0.5528726886510849,1.0522244514226913,0.4505718456953764,0.5885924696922302,1.1385183334350586,0.9834765791893005,6.302666953788393,0.8672265410423279,3
127,0.5024565789103508,0.5548087278008461,1.052352149963379,0.4457936850190163,0.5750798583030701,1.1295967102050781,0.95751953125,6.251705021642175,0.8672265410423279,4
128,0.4975849557220936,0.5511773582696915,1.0535924021005632,0.45623842924833297,0.5934849977493286,1.1375600099563599,0.9748828411102295,6.2006039828622574,0.8672265410423279,5
129,0.49791849532723426,0.5518546946048737,1.0539361993074416,0.444776983037591,0.5617691874504089,1.1172995567321777,0.9572851657867432,6.1493695167239695,0.8672265410423279,6
130,0.4981664001941681,0.5521988765001297,1.0540324778556824,0.44629913672804833,0.5794314742088318,1.1333343982696533,0.9803711175918579,6.098007317331509,0.8672265410423279,7
131,0.4997507910728455,0.5534027168154716,1.0536519244909286,0.47131835877895356,0.5729717016220093,1.1018162965774536,0.9902148246765137,6.046523092985112,0.8672265410423279,8
132,0.49718687295913694,0.5528111001849174,1.055624227285385,0.45022872112691403,0.5716092586517334,1.1216576099395752,0.9883008003234863,5.994922565546646,0.8672265410423279,9
133,0.49722009447216986,0.5519919616580009,1.054771864771843,0.4423423071950674,0.5795905590057373,1.1375514268875122,0.9836719036102295,5.943211469803687,0.8672265410423279,10
134,0.4959258015453816,0.5516060460805893,1.0556802421808242,0.44500527188181876,0.5706339478492737,1.1259198188781738,0.9408203363418579,5.891395552832172,0.8672265410423279,11
135,0.49709993579983713,0.5532502998113632,1.05615036714077,0.44167485907673837,0.5518285632133484,1.1104226112365723,0.9533007740974426,5.839480573357671,0.8672265410423279,12
136,0.49666174602508545,0.5518957802951336,1.0552340351343155,0.45367213249206545,0.573286235332489,1.1199088096618652,0.9943554401397705,5.787472301115383,0.8672265410423279,13
137,0.4954791719019413,0.551962585926056,1.0564834133386611,0.44936915233731267,0.5578131675720215,1.1085375547409058,0.9490820169448853,5.735376516208892,0.8672265410423279,14
138,0.49499209025502205,0.5517111176848412,1.0567190257310868,0.43422029472887513,0.5531637072563171,1.1191774606704712,0.9217968583106995,5.683199008467777,0.8672265410423279,15
139,0.49520498034358024,0.5523735778927803,1.0571686009168624,0.4398713593930006,0.5690425634384155,1.1294854879379272,0.9718554615974426,5.6309455768041445,0.8672265410423279,16
140,0.49427348765730855,0.5518217476010323,1.0575482615232468,0.43828309312462804,0.5793457627296448,1.1413726806640625,0.9817968606948853,5.5786220285681445,0.8672265410423279,17
141,0.4929911009967327,0.55036877566576,1.0573776750564574,0.44049715153872965,0.5720177292823792,1.1318943500518799,0.9541015625,5.526234178902552,0.8672265410423279,18
142,0.49273563399910925,0.5504445134103298,1.0577088848352432,0.467221816778183,0.5736811757087708,1.1065086126327515,0.9842382669448853,5.473787850096488,0.8672265410423279,19
143,0.49300253367424013,0.5517646998465061,1.0587621675729753,0.4655367389321327,0.5800092816352844,1.1146124601364136,0.9788281321525574,5.421288870938337,0.8672265410423279,20
144,0.49218986412882804,0.550442563354969,1.0582527029514313,0.4354831586033106,0.5769884586334229,1.1418856382369995,0.967968761920929,5.368743076067943,0.8672265410423279,21
145,0.49311326891183854,0.5516711385250092,1.0585578684806825,0.4407081672549248,0.5774683952331543,1.1372017860412598,0.8954492211341858,5.316156305328166,0.8672265410423279,22
146,0.4910476914644241,0.5502496271431446,1.0592019374370576,0.44266839653253554,0.5696067214012146,1.1271185874938965,0.9723827838897705,5.263534403115847,0.8672265410423279,23
147,0.4915111045241356,0.5517792474329472,1.0602681415081023,0.4446280673891306,0.5633077025413513,1.118966817855835,0.979296863079071,5.210883217732274,0.8672265410423279,24
148,0.487065215498209,0.5484706056416034,1.0614053890705109,0.4586664275079966,0.575272798538208,1.1168254613876343,0.9747265577316284,5.158208600733212,0.8672265410423279,25
149,0.48953797981143,0.5500977710783481,1.0605597907304765,0.45221005119383334,0.5871089100837708,1.1350858211517334,0.9940429925918579,5.105516406278576,0.8672265410423279,26
150,0.4876981193423271,0.5488141319751739,1.0611160110235214,0.4357230871170759,0.5767704248428345,1.1414774656295776,0.966601550579071,5.052812490481803,0.8672265410423279,27
151,0.4881851179599762,0.5497518417835235,1.061566726922989,0.4397389092296362,0.5759876370429993,1.1366008520126343,0.963574230670929,5.000102710759021,0.8672265410423279,28
152,0.4863850053548813,0.5482719147503377,1.0618869106769562,0.43289695046842097,0.5684225559234619,1.1359230279922485,0.9511523246765137,4.94739292517806,0.8672265410423279,29
153,0.4864234971702099,0.5492153613567352,1.062791865348816,0.44355249010026454,0.5799956321716309,1.136824607849121,0.9803515672683716,4.894688991807409,0.8672265410423279,30
154,0.4869889578819275,0.5497841393053532,1.0627951817512513,0.4404911581426859,0.5786181092262268,1.138361930847168,0.9419531226158142,4.841996768065144,0.8672265410423279,31
155,0.4856665011644363,0.5496322705447674,1.0639657952785493,0.4425009693205357,0.5701605677604675,1.1278924942016602,0.9573827981948853,4.789322110067961,0.8672265410423279,32
156,0.4880663378238678,0.550984542876482,1.0629182184934616,0.4644578394293785,0.5965705513954163,1.1323541402816772,0.9973242282867432,4.736670871980328,0.8672265410423279,33
157,0.48549403458833695,0.5494473075568675,1.0639532730579375,0.4515690661221743,0.5775367617607117,1.1261863708496094,0.9744531512260437,4.684048905363869,0.8672265410423279,34
158,0.48403311374783514,0.5484143835306168,1.0643812688589096,0.4520410777628422,0.5830227136611938,1.1313066482543945,0.9560937285423279,4.631462058527029,0.8672265410423279,35
159,0.4837881229519844,0.5486132664680481,1.0648251426219941,0.43322925478219987,0.5780527591705322,1.1453766822814941,0.9836132526397705,4.578916175875106,0.8672265410423279,36
160,0.4844060785770416,0.549112445473671,1.0647063643932342,0.4474734963476658,0.5853531360626221,1.1384057998657227,0.9801172018051147,4.526417097260717,0.8672265410423279,37
161,0.4810005698502064,0.546531986027956,1.0655314136743546,0.4430759733915329,0.577029287815094,1.1342064142227173,0.9837695360183716,4.47397065733476,0.8672265410423279,38
162,0.48094728103280066,0.5465924032330512,1.065645120382309,0.4285398317873478,0.5655726790428162,1.1373600959777832,0.9218945503234863,4.421582684897969,0.8672265410423279,39
163,0.48208739295601843,0.5488263803422451,1.0667389905452729,0.44123311311006547,0.5748961567878723,1.1340372562408447,0.8902343511581421,4.369259002253107,0.8672265410423279,40
164,0.47917489939928054,0.5467902381122113,1.0676153384447098,0.443093007132411,0.5763979554176331,1.1336137056350708,0.9969335794448853,4.317005424557889,0.8672265410423279,41
165,0.48041999858617784,0.547711636275053,1.0672916375398636,0.4572078611701727,0.5788360238075256,1.1217966079711914,0.9515429735183716,4.2648277591786945,0.8672265410423279,42
166,0.4806209331154823,0.5478198907971382,1.0671989588737487,0.44311265476047995,0.5811461806297302,1.1383105516433716,0.9483203291893005,4.212731805045151,0.8672265410423279,43
167,0.4784239493608475,0.5472193519473076,1.0687954037189484,0.43573573902249335,0.5650400519371033,1.129589557647705,0.9662304520606995,4.1607233520056415,0.8672265410423279,44
168,0.4770207763314247,0.5465336509943008,1.0695128744840623,0.4332155089825392,0.5743564367294312,1.1414433717727661,0.9409961104393005,4.108808180183847,0.8672265410423279,45
169,0.4779373032152653,0.5478583698868752,1.0699210650920867,0.4436874307692051,0.5928614139556885,1.1496548652648926,0.9820703268051147,4.05699205933634,0.8672265410423279,46
170,0.47398421451449396,0.5444884991943836,1.0705042872428894,0.4330697865784168,0.5676197409629822,1.13492751121521,0.9344335794448853,4.005280748211353,0.8672265410423279,47
171,0.47420162880420685,0.5453100687563419,1.071108442544937,0.4323059560358524,0.5665561556816101,1.1345481872558594,0.8643164038658142,3.9536799939087586,0.8643164038658142,0
172,0.4725554420948029,0.5449499337971211,1.0723944892883301,0.42153195597231385,0.5590007305145264,1.1379257440567017,0.8956640362739563,3.902195531241344,0.8643164038658142,1
173,0.47488126587867735,0.5470048466920853,1.0721235789060592,0.4276271972805262,0.5860928893089294,1.1589077711105347,0.9562695026397705,3.850833082097467,0.8643164038658142,2
174,0.47220260605216025,0.5454220046401024,1.073219398021698,0.4351645866036415,0.5570390224456787,1.1221308708190918,0.8991405963897705,3.7995983548051155,0.8643164038658142,3
175,0.47053128224611285,0.5448816733956336,1.07435038626194,0.43115758776664737,0.5742235779762268,1.1434382200241089,0.9282812476158142,3.7484970434975176,0.8643164038658142,4
176,0.4699250875711441,0.5443651954829692,1.0744401099681855,0.4242961781471968,0.5655722618103027,1.1418989896774292,0.9134179949760437,3.6975348274802853,0.8643164038658142,5
177,0.4699654980897903,0.5450484608411789,1.075082963705063,0.4044856888055801,0.5534547567367554,1.1494725942611694,0.86572265625,3.6467173706002436,0.8643164038658142,6
178,0.4691355443298817,0.5444146147668362,1.0752790681123734,0.43233527421951295,0.5651260614395142,1.1333030462265015,0.8507226705551147,3.5960503206159466,0.8507226705551147,0
179,0.46956759399175646,0.5444966387450695,1.0749290605783464,0.4362747910618782,0.5743488073348999,1.1383085250854492,0.980175793170929,3.5455393085700093,0.8507226705551147,1
180,0.4672473243176937,0.5438061468303204,1.0765588208436967,0.42417523749172686,0.5777043700218201,1.1541109085083008,0.8821094036102295,3.4951899481632727,0.8507226705551147,2
181,0.46635838615894315,0.5434857419133187,1.077127351641655,0.4134786105155945,0.5646670460700989,1.151800274848938,0.9023633003234863,3.4450078351309172,0.8507226705551147,3
182,0.46704201686382296,0.5449732102155685,1.0779311946630479,0.4412275433540344,0.5749810934066772,1.1340408325195312,0.90234375,3.3949985466205517,0.8507226705551147,4
183,0.4661934849023819,0.5438405146598816,1.0776470309495927,0.4146136233210564,0.5648075342178345,1.1505153179168701,0.7988476753234863,3.3451676405723934,0.7988476753234863,0
184,0.4658072866499424,0.5443616302013398,1.0785543452501296,0.41543799683451654,0.5672165155410767,1.1523528099060059,0.8633984327316284,3.295520655101558,0.7988476753234863,1
185,0.4638916318118572,0.5432131496667862,1.0793215193748473,0.4215703731030226,0.5719451308250427,1.1508440971374512,0.8719140887260437,3.2460631078825632,0.7988476753234863,2
186,0.46272810515761376,0.5420901382565498,1.0793620339632035,0.42740329198539256,0.571779727935791,1.1448301076889038,0.9672656059265137,3.1968004955361145,0.7988476753234863,3
187,0.4643905366063118,0.5440734240710735,1.0796828898191453,0.41868602819740774,0.5608325600624084,1.142521619796753,0.8909570574760437,3.147738293018209,0.7988476753234863,4
188,0.46304675513505933,0.542909020125866,1.0798622623682022,0.41588377378880975,0.5663123726844788,1.1510084867477417,0.8745312690734863,3.098881953011673,0.7988476753234863,5
189,0.4609931115806103,0.5418934534192086,1.0809003397226333,0.41434880197048185,0.5709049701690674,1.1572598218917847,0.9156054854393005,3.05023690532014,0.7988476753234863,6
190,0.4607592652142048,0.5419737631678582,1.081214499950409,0.42556706674396994,0.5711709856987,1.1459695100784302,0.934765636920929,3.001808556264618,0.7988476753234863,7
191,0.46030128526687625,0.5419064226746559,1.0816051359176635,0.4198600348085165,0.5674571394920349,1.1479928493499756,0.8379101753234863,2.953602288082617,0.7988476753234863,8
192,0.4601370847225189,0.5433481317460537,1.0832110484838486,0.4165559320896864,0.5745482444763184,1.1586419343948364,0.8820898532867432,2.905623458329995,0.7988476753234863,9
193,0.4596523722708225,0.5420441725552082,1.0823918001651764,0.4303174663335085,0.5731168985366821,1.1433608531951904,0.8721484541893005,2.857877399285518,0.7988476753234863,10
194,0.45828124114871027,0.541860068142414,1.0835788286924362,0.41021085523068906,0.5565550327301025,1.1467519998550415,0.8858984112739563,2.810369417358245,0.7988476753234863,11
195,0.4562736588418484,0.5401961315274239,1.0839224849939346,0.42717892572283744,0.5647784471511841,1.1379350423812866,0.9177148342132568,2.7631047924977836,0.7988476753234863,12
196,0.45784349817037584,0.542164481818676,1.0843209859132767,0.41268897384405134,0.5621213316917419,1.1499918699264526,0.7808789014816284,2.716088777607485,0.7808789014816284,0
197,0.4541149771213531,0.5386188612580299,1.0845038845539092,0.42876306757330895,0.5682262182235718,1.139952540397644,0.9445898532867432,2.6693265979606484,0.7808789014816284,1
198,0.454673508733511,0.5401630179286003,1.0854895074367523,0.42140305921435356,0.5738892555236816,1.1531310081481934,0.8351171612739563,2.6228234506197836,0.7808789014816284,2
199,0.4545371005535126,0.5408834973871708,1.0863463965654374,0.410739681199193,0.565769374370575,1.1555626392364502,0.8316406011581421,2.5765845038590354,0.7808789014816284,3
200,0.45357078436017034,0.5396721276342868,1.0861013422012329,0.41338560953736303,0.5695382952690125,1.1566089391708374,0.7920507788658142,2.53061489658978,0.7808789014816284,4
201,0.45260951402783395,0.5392627936899662,1.0866532807350158,0.4147991590946913,0.5802589654922485,1.1660737991333008,0.845703125,2.4849197377894985,0.7808789014816284,5
202,0.4533251733481884,0.5407910583019256,1.0874658833742141,0.41882839262485505,0.5746641755104065,1.1565055847167969,0.9199804663658142,2.4395041059339744,0.7808789014816284,6
203,0.45284205621480944,0.5402207646369934,1.0873787270784379,0.4057119532674551,0.5691317319869995,1.1641353368759155,0.7498242259025574,2.3943730484328842,0.7498242259025574,0
204,0.4516971632540226,0.540026045948267,1.0883288862705232,0.41822521105408667,0.5766410827636719,1.1589969396591187,0.8799218535423279,2.3495315810688275,0.7498242259025574,1
205,0.4483569115996361,0.5372918068766593,1.0889348925352096,0.4153389462083578,0.5672853589057922,1.1524324417114258,0.761523425579071,2.3049846874398954,0.7498242259025574,2
206,0.4507585406303406,0.5397536272704602,1.088995086312294,0.42187933683395384,0.5823808908462524,1.1608222723007202,0.9333202838897705,2.2607373184058006,0.7498242259025574,3
207,0.4487537254393101,0.5382721726596356,1.0895184483528138,0.4114550997316837,0.5737789869308472,1.1628735065460205,0.8146874904632568,2.2167943915376327,0.7498242259025574,4
208,0.4473885480463505,0.5371643823981285,1.0897758367061614,0.4124365300685167,0.5651746988296509,1.1533554792404175,0.76123046875,2.1731607905713486,0.7498242259025574,5
209,0.44820813071727755,0.5381759307682514,1.0899678021669388,0.3997944139689207,0.5504713654518127,1.1511483192443848,0.6605663895606995,2.129841364864991,0.6605663895606995,0
210,0.4467678246796131,0.5380313404798508,1.0912635126113892,0.40412220198661086,0.5561445355415344,1.1530407667160034,0.8509179949760437,2.0868409288597456,0.6605663895606995,1
211,0.44596705454587937,0.5375517900586129,1.0915847325325012,0.4071056004613638,0.5751749873161316,1.1685571670532227,0.8215429782867432,2.0441642615448647,0.6605663895606995,2
212,0.4440302233695984,0.5366112132370472,1.0925809880495072,0.4069014520943165,0.5670496225357056,1.1607780456542969,0.7053124904632568,2.0018161059265496,0.6605663895606995,3
213,0.44398301115632055,0.5370148193836212,1.0930318100452423,0.4021689230948687,0.5621085166931152,1.160571575164795,0.7216210961341858,1.959801168500815,0.6605663895606995,4
214,0.44385368552803994,0.5372734729647637,1.0934197875261307,0.3967681258916855,0.5518054366111755,1.1555949449539185,0.629199206829071,1.9181241187304217,0.629199206829071,0
215,0.44228636056184767,0.5362712490260602,1.093984886288643,0.3989709421247244,0.5649060606956482,1.1667524576187134,0.6102148294448853,1.8767895885259116,0.6102148294448853,0
216,0.4408525647521019,0.5360009326934815,1.095148369193077,0.40269413590431213,0.5607837438583374,1.158761978149414,0.835253894329071,1.8358021717308428,0.6102148294448853,1
217,0.4403080381453037,0.5352894605398179,1.0949814215898515,0.4128461580723524,0.5758051872253418,1.1636539697647095,0.766406238079071,1.7951664236112248,0.6102148294448853,2
218,0.4374812349975109,0.5327982923686504,1.0953170592784882,0.3961090062558651,0.5620808601379395,1.1666773557662964,0.7290429472923279,1.754886860349253,0.6102148294448853,3
219,0.43757542490959167,0.5343977255523205,1.0968224079608917,0.4019863333553076,0.5676441788673401,1.166176438331604,0.6013281345367432,1.7149679585413997,0.6013281345367432,0
220,0.43737039422988894,0.5345591337382793,1.0971887395381927,0.4092404366284609,0.5760373473167419,1.167449951171875,0.7297461032867432,1.6754141547008858,0.6013281345367432,1
221,0.43745658853650093,0.5344237991571427,1.096967206954956,0.39538615502417085,0.5627047419548035,1.1682367324829102,0.6531445384025574,1.6362298447646184,0.6013281345367432,2
222,0.4355444442927837,0.5337020823657512,1.0981576371192932,0.39696255564689636,0.5598783493041992,1.1635386943817139,0.7045702934265137,1.5974193836046253,0.6013281345367432,3
223,0.4348608932197094,0.5337596545815468,1.0988987629413605,0.39635309189558027,0.5580406785011292,1.162906289100647,0.6036718487739563,1.558987084544082,0.6013281345367432,4
224,0.4352942834198475,0.5342488149404526,1.0989545341730118,0.39845233239233496,0.5571538209915161,1.1594610214233398,0.6369922161102295,1.5209372188779138,0.6013281345367432,5
225,0.4331771904230118,0.5333487722873688,1.1001715829372407,0.3915624741464853,0.5568822026252747,1.1659431457519531,0.5610741972923279,1.483274015398109,0.5610741972923279,0
226,0.43425184640288356,0.5347346701920033,1.1004828273057938,0.3900614783167839,0.5428665280342102,1.153448462486267,0.5033398270606995,1.4460016599237298,0.5033398270606995,0
227,0.43246878537535666,0.5335492884218693,1.1010805041790008,0.39134108074009416,0.5639135837554932,1.1731317043304443,0.6039648652076721,1.4091242948357148,0.5033398270606995,1
228,0.4308246467113495,0.5329910013079643,1.1021663554906844,0.395030589401722,0.5617610216140747,1.1675645112991333,0.6303515434265137,1.3726460186164926,0.5033398270606995,2
229,0.429965718716383,0.5325792945325375,1.1026135767698289,0.405312090665102,0.5671011209487915,1.16239333152771,0.6391211152076721,1.3365708853944938,0.5033398270606995,3
230,0.4269442375600338,0.5309622748494148,1.104018079161644,0.39319982565939426,0.561811089515686,1.1695491075515747,0.5296093821525574,1.300902904493582,0.5033398270606995,4
231,0.42765429416298867,0.5318857016861439,1.1042314232587815,0.3972257876396179,0.5607759952545166,1.164199948310852,0.6115429401397705,1.2656460399874545,0.5033398270606995,5
232,0.42673450490832326,0.5311625750660897,1.1044280676841736,0.40047172516584395,0.5621435642242432,1.1625174283981323,0.5376366972923279,1.2308042102590948,0.5033398270606995,6
233,0.42578650200366974,0.5310203345119953,1.1052338333129883,0.3965601643174887,0.5588224530220032,1.1633026599884033,0.6100195050239563,1.196381287565283,0.5033398270606995,7
234,0.42432536646723745,0.5302844906151295,1.1059591256380081,0.388557355478406,0.5614227652549744,1.1737264394760132,0.5354883074760437,1.1623810976062474,0.5033398270606995,8
235,0.42351325625181196,0.5306324848532676,1.1071192276477815,0.37926664769649504,0.5523110628128052,1.1737256050109863,0.3707031309604645,1.1288074191004713,0.3707031309604645,0
236,0.42289489042758943,0.5305831032395363,1.1076882108449937,0.3847344053536654,0.5509041547775269,1.1670424938201904,0.4473828077316284,1.0956639833647468,0.3707031309604645,1
237,0.42230241304636,0.5313471782803535,1.1090447665452958,0.37825427018105984,0.5559919476509094,1.1784778833389282,0.33726561069488525,1.0629544738994754,0.33726561069488525,0
238,0.4198629756271839,0.5300260875225067,1.110163237094879,0.3940916083008051,0.5674068331718445,1.1743836402893066,0.4717382788658142,1.0306825259792933,0.33726561069488525,1
239,0.41935493585467337,0.5301295317113399,1.1107746185064316,0.38161597192287444,0.5553525686264038,1.1744493246078491,0.46482422947883606,0.9988517262490461,0.33726561069488525,2
240,0.41693710348010066,0.5288519188165665,1.111914814710617,0.3916718079149723,0.5690974593162537,1.1784019470214844,0.48912107944488525,0.9674656123251925,0.33726561069488525,3
241,0.417733738809824,0.5300750462412834,1.1123413084745406,0.38035240896046163,0.5465033650398254,1.166861653327942,0.49134767055511475,0.936527672402623,0.33726561069488525,4
242,0.4152104578316212,0.5288684122860432,1.1136579574346543,0.3801819445192814,0.552553653717041,1.173312783241272,0.29542967677116394,0.906041344866995,0.29542967677116394,0
243,0.41307285222411155,0.5275599965155124,1.1144872604608536,0.3707149640470743,0.5563303828239441,1.186729073524475,0.31837889552116394,0.8760100179125986,0.29542967677116394,1
244,0.41276798471808435,0.5280374156832695,1.1152694433927537,0.381646748483181,0.5567256808280945,1.1760532855987549,0.4436914026737213,0.846437029165798,0.29542967677116394,2
245,0.4132084001004696,0.5286639560461044,1.1154556950330734,0.3782098326086998,0.5523937344551086,1.1749999523162842,0.45751953125,0.8173256653140937,0.29542967677116394,3
246,0.40974410897493363,0.5269421991407871,1.1171980872154237,0.38047421172261237,0.5640928745269775,1.1849629878997803,0.3616992235183716,0.78867916174084,0.29542967677116394,4
247,0.40993684422969817,0.5275343391001225,1.117597504734993,0.3758706682920456,0.5510914325714111,1.1761300563812256,0.3531445264816284,0.7605007021656863,0.29542967677116394,5
248,0.40856561535596847,0.5259755479097367,1.117409931898117,0.3799134373664856,0.5541003346443176,1.1751744747161865,0.4265820384025574,0.7327934182907235,0.29542967677116394,6
249,0.40848210459947587,0.5272667698562146,1.1187847176790238,0.3893570422381163,0.5578539371490479,1.1692287921905518,0.4011523425579071,0.7055603894524497,0.29542967677116394,7
250,0.4073775423169136,0.5266651432216167,1.119287781715393,0.37740312367677686,0.5581047534942627,1.181780219078064,0.31615233421325684,0.6788046422795295,0.29542967677116394,8
251,0.40480531913042067,0.5249349312484264,1.1201296409368515,0.3630712459236383,0.5408821702003479,1.1789584159851074,0.26857420802116394,0.6525291503564228,0.26857420802116394,0
252,0.4038484219610691,0.5247378675937653,1.1208895981311797,0.3702992883324623,0.5608938932418823,1.1918492317199707,0.23564453423023224,0.626736833892906,0.23564453423023224,0
253,0.4030033040642738,0.5251422030329704,1.1221389818191527,0.3747824225574732,0.5492679476737976,1.1755200624465942,0.27759766578674316,0.6014305593995233,0.23564453423023224,1
254,0.4037861528992653,0.5259734124243259,1.1221872942447662,0.37233721401542424,0.5538662075996399,1.1826554536819458,0.32499998807907104,0.576613139369012,0.23564453423023224,2
255,0.4004817578494549,0.5235135788023472,1.1230320670604705,0.3816772720962763,0.5632532238960266,1.1827175617218018,0.32136717438697815,0.5522873319637222,0.23564453423023224,3
256,0.40032984378933906,0.5248125649690628,1.1244828983545303,0.3802122432738543,0.5659533143043518,1.186529517173767,0.3039843738079071,0.5284558407090836,0.23564453423023224,4
257,0.3996277841627598,0.5241074070930481,1.1244797832965852,0.36980801783502104,0.5516300797462463,1.1827315092086792,0.3321289122104645,0.5051213141931392,0.23564453423023224,5
258,0.3976292418241501,0.5230528493523597,1.1254236763715744,0.36484417468309405,0.5457119941711426,1.181738018989563,0.24980469048023224,0.48228634577218843,0.23564453423023224,6
259,0.39539943233132363,0.5216031806766986,1.1262038147449493,0.3717979373782873,0.5557196140289307,1.1850628852844238,0.18578125536441803,0.45995347328255803,0.18578125536441803,0
260,0.39604776313900947,0.52276899304986,1.1267212545871734,0.36438107028603556,0.5474623441696167,1.1841726303100586,0.18746094405651093,0.43812517875856666,0.18578125536441803,1
261,0.3933183269202709,0.5210833109021187,1.127765248298645,0.3685945880413055,0.5484711527824402,1.181107521057129,0.22597655653953552,0.41680388815665975,0.18578125536441803,2
262,0.3931578608751297,0.5217343180775642,1.1285766756534577,0.374312584772706,0.556606113910675,1.1833528280258179,0.24732421338558197,0.39599197108580325,0.18578125536441803,3
263,0.3929804037809372,0.5219219746291638,1.1289417160749435,0.370635122358799,0.5543429255485535,1.1846003532409668,0.16207031905651093,0.3756917405441282,0.16207031905651093,0
264,0.3910032943487167,0.52032412353158,1.129320986390114,0.3734367544949055,0.5554955005645752,1.1831239461898804,0.1881445348262787,0.3559054526618665,0.16207031905651093,1
265,0.3902567674219608,0.5208020890653133,1.1305456010103225,0.3712111339718103,0.5584339499473572,1.1884346008300781,0.1719335913658142,0.33663530645060863,0.16207031905651093,2
266,0.38889623495936393,0.5204432954490185,1.131547295689583,0.37589633479714396,0.5548598766326904,1.1796493530273438,0.20332030951976776,0.31788344355891035,0.16207031905651093,3
267,0.3862491638064384,0.5174945627450943,1.1312455967664719,0.3779431985318661,0.5630664229393005,1.186100959777832,0.18265624344348907,0.29965194803427664,0.16207031905651093,4
268,0.38567762726545335,0.518073028087616,1.1323955911397934,0.3690163790434599,0.5596456527709961,1.1917744874954224,0.2373632788658142,0.28194284609153825,0.16207031905651093,5
269,0.38512049585580826,0.5185856958031654,1.1334654041528702,0.3755619285255671,0.5583046078681946,1.1838037967681885,0.1802343726158142,0.26475810588766663,0.16207031905651093,6
270,0.38408815360069276,0.5182301101088523,1.1341422448158265,0.36752502582967284,0.5535426735877991,1.1871531009674072,0.17931640148162842,0.24809963730303705,0.16207031905651093,7
271,0.38234221547842023,0.5169349529147148,1.1345929250717164,0.38363649494946,0.5724689364433289,1.190088152885437,0.2849999964237213,0.23196929172916447,0.16207031905651093,8
272,0.38167505723237993,0.5165674014687538,1.1348924505710603,0.36945538900792596,0.5553286671638489,1.186951994895935,0.2183203101158142,0.21636886186294563,0.16207031905651093,9
273,0.3809427284002304,0.5165482395887375,1.1356056809425354,0.35501011662185195,0.5398060083389282,1.185842514038086,0.1710546910762787,0.2013000815074212,0.16207031905651093,10
274,0.37753786543011664,0.514264973551035,1.1367272881269455,0.3844876278191805,0.5682404041290283,1.1846951246261597,0.22429686784744263,0.18676462537908486,0.16207031905651093,11
275,0.3782970935702324,0.5155242815613746,1.1372276393175125,0.3628489372134209,0.5563048720359802,1.1946005821228027,0.10410156100988388,0.17276410892175892,0.10410156100988388,0
276,0.3740870054066181,0.5122034286856652,1.1381168543100357,0.3639969851821661,0.5574376583099365,1.1942706108093262,0.13535156846046448,0.1593000881270547,0.10410156100988388,1
277,0.3740740610361099,0.5133572120964527,1.1392834800481797,0.3629166504740715,0.5586066246032715,1.1969058513641357,0.12763671576976776,0.14637405936144388,0.10410156100988388,2
278,0.37398433035612105,0.5134610868990421,1.1394771299362183,0.36390401251614096,0.5559154748916626,1.1932399272918701,0.10236328095197678,0.1339874591999563,0.10236328095197678,0
279,0.37204576697945596,0.5124563577473163,1.140411247253418,0.35413810290396214,0.5476465821266174,1.194413185119629,0.11738280951976776,0.12214166426651722,0.10236328095197678,1
280,0.3713404977321625,0.5124899503290653,1.141150262117386,0.361615826562047,0.5544725060462952,1.1941587924957275,0.1047656238079071,0.11083799108095836,0.10236328095197678,2
281,0.37033976581692696,0.5119518734812737,1.1416126704216003,0.3630169244855642,0.5564937591552734,1.194859266281128,0.12978515028953552,0.10007769591269701,0.10236328095197678,3
282,0.3667575326859951,0.5095343686640262,1.142777475476265,0.3594950395822525,0.5489757657051086,1.190585732460022,0.09441406279802322,0.08986197464111911,0.09441406279802322,0
283,0.3667406388223171,0.5097035752236843,1.1429637806415558,0.36042426005005834,0.5546302199363708,1.1954139471054077,0.11626952886581421,0.0801919626226702,0.09441406279802322,1
284,0.3655259730219841,0.5095091594457626,1.143983965396881,0.362695734500885,0.5566064715385437,1.194902777671814,0.1394921839237213,0.07106873456467597,0.09441406279802322,2
285,0.3630635087788105,0.5081330227255821,1.1450706025362014,0.37446184262633325,0.5625425577163696,1.1893553733825684,0.2191796898841858,0.062493304405897315,0.09441406279802322,3
286,0.36302569091320036,0.5080409422814846,1.145016302704811,0.35632591128349306,0.5511578917503357,1.1959116458892822,0.07984375208616257,0.054466625203848304,0.07984375208616257,0
287,0.3605083895623684,0.5065279853045941,1.1460200991630554,0.34850158885121346,0.5469957590103149,1.2001397609710693,0.08394531160593033,0.04698958902887082,0.07984375208616257,1
288,0.36102687948942186,0.5072378398776054,1.1462125259637832,0.35540693044662475,0.5517274737358093,1.197708249092102,0.10109374672174454,0.040063026864993224,0.07984375208616257,2
289,0.35833501383662225,0.5054603030085564,1.1471263511180878,0.35810176070779565,0.5525279641151428,1.1958186626434326,0.0900585949420929,0.033687708517577346,0.07984375208616257,3
290,0.3567288275063038,0.504690364331007,1.1479623984098435,0.34968146968632935,0.5475976467132568,1.1994394063949585,0.09361328184604645,0.027864342527760568,0.07984375208616257,4
291,0.35681231957674026,0.5052518501579761,1.14844158577919,0.358009312748909,0.5496282577514648,1.192905306816101,0.07474609464406967,0.02259357609371351,0.07474609464406967,0
292,0.3554087245762348,0.5044680385291577,1.1490608690977095,0.3533585923165083,0.5517430305480957,1.1996573209762573,0.08873046934604645,0.01787599499870992,0.07474609464406967,1
293,0.3530467564463615,0.5027475697696209,1.149702253460884,0.3551865880936384,0.55349200963974,1.1995261907577515,0.08044921606779099,0.013712123546022767,0.07474609464406967,2
294,0.3522679759860039,0.5021886292994022,1.1499218289852142,0.36246406979858875,0.5599647760391235,1.1986154317855835,0.09056640416383743,0.01010242450065641,0.07474609464406967,3
295,0.3521908093988895,0.502684773415327,1.1504958413839341,0.3492774202674627,0.5460449457168579,1.1978970766067505,0.07425781339406967,0.007047299037914379,0.07425781339406967,0
296,0.3511510197520256,0.5017600806653499,1.1506114743947984,0.35501236289739607,0.5543345212936401,1.2004252672195435,0.1037304699420929,0.004547086698812152,0.07425781339406967,1
297,0.3501317836046219,0.5010535219311714,1.150923195719719,0.35500153843313453,0.552036702632904,1.1984409093856812,0.07306640595197678,0.002602065352344934,0.07306640595197678,0
298,0.3497884275317192,0.500818862438202,1.1510323474407196,0.3484581634402275,0.5457150936126709,1.198421597480774,0.07054687291383743,0.0012124511646026766,0.07054687291383743,0
299,0.3497271598279476,0.5009320658743381,1.1512067745923995,0.3500180683284998,0.5456743836402893,1.1971110105514526,0.07658202946186066,0.00037839857474675085,0.07054687291383743,1
300,0.3494001677930355,0.5010857998132706,1.1516881411075592,0.3452577679604292,0.5451256632804871,1.2011382579803467,0.07568359375,0.00010000027784496635,0.07054687291383743,2
