epoch,train_loss,train_positive_tail_loss,train_positive_p95,train_positive_p99,val_loss,val_same_finger_loss,val_pos_mean,val_pos_p95,val_neg_mean,val_same_finger_pos_mean,val_same_finger_neg_mean,val_cross_finger_pos_mean,val_cross_finger_neg_mean,val_same_finger_neg_p01,val_same_finger_tail_gap,val_fpr_at_tpr95,val_same_finger_fpr_at_tpr95,val_cross_finger_fpr_at_tpr95,val_same_finger_tpr_at_fpr_1e_4,val_cross_finger_tpr_at_fpr_1e_4,val_same_finger_recall_at_1,val_cross_finger_recall_at_1,val_checkpoint_selection_score,val_checkpoint_selection_false_acceptance,val_checkpoint_selection_low_fpr_recall,val_checkpoint_selection_hard_negative_recall,val_checkpoint_selection_mean_gap,val_checkpoint_selection_tail_gap,val_valid_anchor_count,val_skipped_anchor_count,lr,early_stop_best_selection_score,no_improve_epochs
1,0.5185,0.01651,1.121,1.328,0.2431,0.2472,0.5886,0.9593,1.152,0.5886,1.133,0.5886,1.157,0.8714,-0.08786,0.0131,0.03599,0.007814,0.6567,0.9155,0.967,0.973,0.8043,0.9922,0.9155,0.973,0.2841,0.003718,16384,0,0.02667,0.8043,0
2,0.3647,0.006534,0.953,1.205,0.2047,0.2103,0.5334,0.9038,1.14,0.5334,1.118,0.5334,1.146,0.8497,-0.05415,0.007935,0.02231,0.003885,0.7961,0.853,0.9734,0.9806,0.7983,0.9961,0.853,0.9806,0.3063,0.01685,16384,0,0.05333,0.8043,1
3,0.2875,0.003152,0.8607,1.121,0.1853,0.1861,0.5026,0.8696,1.132,0.5026,1.113,0.5026,1.138,0.8588,-0.01084,0.005412,0.01422,0.002195,0.8839,0.7898,0.9832,0.9854,0.8078,0.9978,0.8839,0.9854,0.3179,0.02449,16384,0,0.08,0.8078,0
4,0.2301,0.001656,0.7891,1.057,0.1768,0.1809,0.4777,0.8372,1.117,0.4777,1.097,0.4777,1.125,0.8372,-3.552e-05,0.00531,0.01113,0.003009,0.9002,0.882,0.9859,0.9885,0.8129,0.997,0.9002,0.9885,0.3235,0.03571,16384,0,0.07998,0.8129,0
5,0.1839,0.000839,0.7372,0.9993,0.1668,0.1717,0.4674,0.8422,1.119,0.4674,1.098,0.4674,1.127,0.8438,0.001598,0.004089,0.009669,0.001944,0.8972,0.8682,0.9873,0.9891,0.8137,0.9981,0.8972,0.9891,0.3297,0.03769,16384,0,0.07992,0.8129,1
6,0.1534,0.0005591,0.7008,0.965,0.1575,0.1619,0.4599,0.839,1.124,0.4599,1.101,0.4599,1.133,0.8437,0.004668,0.004191,0.008679,0.002495,0.8552,0.8004,0.9895,0.991,0.8054,0.9975,0.8552,0.991,0.3363,0.03234,16384,0,0.07981,0.8129,2
7,0.1319,0.0003511,0.6714,0.934,0.1509,0.157,0.4539,0.8348,1.128,0.4539,1.108,0.4539,1.135,0.8339,-0.0009226,0.00413,0.01123,0.001481,0.9086,0.8683,0.99,0.9908,0.8171,0.9985,0.9086,0.9908,0.3406,0.03425,16384,0,0.07967,0.8171,0
8,0.1167,0.0002194,0.6468,0.899,0.1532,0.158,0.4506,0.8257,1.121,0.4506,1.1,0.4506,1.128,0.8307,0.005037,0.005412,0.00753,0.004606,0.8973,0.8347,0.9898,0.9931,0.8135,0.9954,0.8973,0.9931,0.3388,0.03249,16384,0,0.07948,0.8171,1
9,0.1061,0.0001648,0.6302,0.8801,0.1457,0.1543,0.4507,0.8146,1.13,0.4507,1.11,0.4507,1.138,0.8578,0.04323,0.00236,0.004845,0.001447,0.9005,0.8935,0.9928,0.9944,0.8174,0.9986,0.9005,0.9944,0.3434,0.04451,16384,0,0.07925,0.8171,2
10,0.09742,0.0001027,0.6142,0.8564,0.1426,0.1489,0.4461,0.8187,1.131,0.4461,1.11,0.4461,1.138,0.8263,0.007633,0.003377,0.008551,0.001381,0.9268,0.8145,0.9937,0.9947,0.8225,0.9986,0.9268,0.9947,0.3461,0.03931,16384,0,0.07898,0.8225,0
11,0.08913,7.304e-05,0.5951,0.8363,0.1446,0.1572,0.4467,0.8125,1.13,0.4467,1.11,0.4467,1.137,0.8138,0.001288,0.003215,0.007169,0.001691,0.9115,0.8418,0.9911,0.9953,0.8198,0.9983,0.9115,0.9953,0.3453,0.04429,16384,0,0.07867,0.8225,1
12,0.08304,4.679e-05,0.5831,0.8165,0.1458,0.161,0.4456,0.8105,1.125,0.4456,1.104,0.4456,1.132,0.826,0.01553,0.003621,0.007381,0.002307,0.9178,0.8738,0.9927,0.9953,0.8202,0.9977,0.9178,0.9953,0.3433,0.04074,16384,0,0.07832,0.8225,2
13,0.07681,3.412e-05,0.5679,0.7966,0.1451,0.1552,0.4395,0.7977,1.12,0.4395,1.101,0.4395,1.127,0.8088,0.01105,0.002279,0.007205,0.0004466,0.8753,0.8698,0.9949,0.9951,0.8122,0.9996,0.8753,0.9951,0.3437,0.03718,16384,0,0.07792,0.8225,3
14,0.0723,1.994e-05,0.5579,0.7826,0.142,0.1551,0.4436,0.7992,1.129,0.4436,1.106,0.4436,1.137,0.8265,0.02732,0.003316,0.007569,0.001774,0.9149,0.8474,0.9945,0.9962,0.8207,0.9982,0.9149,0.9962,0.3466,0.04426,16384,0,0.07749,0.8225,4
15,0.06925,2.019e-05,0.5511,0.7755,0.1461,0.1522,0.4364,0.7939,1.116,0.4364,1.096,0.4364,1.123,0.8164,0.02248,0.004415,0.008652,0.002769,0.9118,0.7836,0.9953,0.9961,0.8189,0.9972,0.9118,0.9961,0.3434,0.04079,16384,0,0.07702,0.8225,5
16,0.06527,8.367e-06,0.5405,0.752,0.1475,0.1599,0.4339,0.7764,1.111,0.4339,1.086,0.4339,1.121,0.8071,0.03069,0.00293,0.005915,0.001757,0.8674,0.8291,0.9959,0.998,0.8116,0.9982,0.8674,0.998,0.3434,0.04824,16384,0,0.07651,0.8225,6
17,0.06301,8.735e-06,0.5348,0.7463,0.1434,0.1517,0.4362,0.7789,1.12,0.4362,1.098,0.4362,1.128,0.8219,0.04293,0.003906,0.006711,0.002886,0.9115,0.7889,0.9951,0.9969,0.8192,0.9971,0.9115,0.9969,0.346,0.04108,16384,0,0.07596,0.8225,7
18,0.05998,4.882e-06,0.5261,0.7322,0.1405,0.152,0.4357,0.7742,1.122,0.4357,1.099,0.4357,1.131,0.8191,0.04488,0.001851,0.004764,0.0007559,0.8792,0.8506,0.9964,0.9973,0.8157,0.9992,0.8792,0.9973,0.3476,0.05847,16384,0,0.07538,0.8225,8
19,0.05672,4.521e-06,0.5185,0.7195,0.1421,0.1539,0.4396,0.7772,1.124,0.4396,1.1,0.4396,1.133,0.8047,0.0275,0.002686,0.006537,0.0013,0.926,0.9083,0.9965,0.9973,0.8242,0.9987,0.926,0.9973,0.3467,0.05274,16384,0,0.07476,0.8242,0
20,0.05434,4.356e-06,0.5128,0.7069,0.1414,0.1483,0.4403,0.7762,1.126,0.4403,1.105,0.4403,1.134,0.8033,0.02707,0.002075,0.002834,0.00178,0.9132,0.8186,0.9962,0.9968,0.8213,0.9982,0.9132,0.9968,0.347,0.05218,16384,0,0.0741,0.8242,1
21,0.05161,3.137e-06,0.5046,0.6943,0.1404,0.1529,0.4411,0.7892,1.13,0.4411,1.105,0.4411,1.139,0.8014,0.01215,0.003418,0.008874,0.001395,0.8984,0.8953,0.996,0.9972,0.8188,0.9986,0.8984,0.9972,0.3491,0.05218,16384,0,0.0734,0.8242,2
22,0.04983,3.895e-06,0.4989,0.69,0.1394,0.154,0.44,0.779,1.131,0.44,1.106,0.44,1.14,0.8106,0.03165,0.00234,0.005923,0.001028,0.8875,0.7963,0.9972,0.9968,0.817,0.999,0.8875,0.9972,0.3499,0.05364,16384,0,0.07267,0.8242,3
23,0.04714,7.701e-07,0.4918,0.6756,0.1386,0.1477,0.4389,0.7687,1.129,0.4389,1.107,0.4389,1.137,0.8046,0.03589,0.001953,0.003472,0.001425,0.9046,0.7877,0.9974,0.9975,0.8199,0.9986,0.9046,0.9975,0.3492,0.05061,16384,0,0.07191,0.8242,4
24,0.04562,2.567e-06,0.4882,0.6699,0.139,0.1553,0.432,0.7564,1.122,0.432,1.097,0.432,1.132,0.7928,0.03633,0.001872,0.003409,0.001307,0.8914,0.8568,0.9954,0.997,0.8176,0.9987,0.8914,0.997,0.3499,0.05393,16384,0,0.07111,0.8242,5
25,0.04326,1.835e-06,0.4788,0.6521,0.1357,0.1468,0.4308,0.7622,1.124,0.4308,1.099,0.4308,1.133,0.7983,0.03602,0.002665,0.006107,0.001457,0.8753,0.8254,0.9947,0.9972,0.8147,0.9985,0.8753,0.9972,0.3511,0.05647,16384,0,0.07028,0.8242,6
26,0.04194,7.5e-07,0.4744,0.6527,0.1414,0.1487,0.4344,0.762,1.12,0.4344,1.098,0.4344,1.128,0.7988,0.03674,0.002828,0.00555,0.001815,0.9042,0.8868,0.9961,0.9968,0.8196,0.9982,0.9042,0.9968,0.347,0.05304,16384,0,0.06942,0.8242,7
27,0.04049,1.293e-06,0.4741,0.6434,0.1421,0.1546,0.4345,0.7573,1.12,0.4345,1.098,0.4345,1.128,0.801,0.04367,0.002177,0.00597,0.0006556,0.8899,0.8918,0.9964,0.9972,0.818,0.9993,0.8918,0.9972,0.3468,0.0571,16384,0,0.06853,0.8242,8
28,0.03913,1.479e-07,0.4682,0.6328,0.144,0.1565,0.4439,0.7823,1.127,0.4439,1.102,0.4439,1.136,0.8221,0.0398,0.002706,0.005786,0.001603,0.8855,0.6839,0.997,0.9961,0.8146,0.9984,0.8855,0.997,0.3461,0.04112,16384,0,0.06761,0.8242,9
29,0.03722,1.044e-06,0.4618,0.624,0.1405,0.1508,0.4371,0.7667,1.126,0.4371,1.102,0.4371,1.135,0.7967,0.03003,0.004211,0.009235,0.002173,0.8268,0.6456,0.9969,0.9976,0.8037,0.9978,0.8268,0.9976,0.3491,0.04797,16384,0,0.06665,0.8242,10
30,0.03559,1.687e-06,0.4579,0.6132,0.1357,0.1477,0.4345,0.764,1.128,0.4345,1.103,0.4345,1.137,0.7923,0.02825,0.002258,0.005461,0.001172,0.8753,0.861,0.9967,0.998,0.8148,0.9988,0.8753,0.998,0.3511,0.05439,16384,0,0.06568,0.8242,11
31,0.0345,1.362e-06,0.4543,0.607,0.1405,0.1553,0.4326,0.7497,1.12,0.4326,1.096,0.4326,1.13,0.8059,0.05623,0.001648,0.003068,0.001082,0.9253,0.84,0.9965,0.9977,0.8252,0.9989,0.9253,0.9977,0.3486,0.0612,16384,0,0.06467,0.8242,12
32,0.03309,9.758e-07,0.4495,0.6005,0.1386,0.1517,0.434,0.7484,1.125,0.434,1.101,0.434,1.134,0.7939,0.04556,0.002645,0.006701,0.001073,0.8581,0.8552,0.9966,0.9968,0.811,0.9989,0.8581,0.9968,0.3499,0.05334,16384,0,0.06364,0.8242,13
33,0.03157,0,0.444,0.5927,0.1434,0.1562,0.4375,0.7545,1.121,0.4375,1.096,0.4375,1.131,0.7879,0.03349,0.002462,0.007744,0.0004495,0.8829,0.7425,0.9972,0.997,0.8163,0.9996,0.8829,0.9972,0.3467,0.05684,16384,0,0.06258,0.8242,14
34,0.03056,2.366e-07,0.441,0.5871,0.1436,0.156,0.4353,0.7488,1.118,0.4353,1.097,0.4353,1.126,0.7978,0.04906,0.002157,0.003124,0.001816,0.8555,0.8774,0.9969,0.9973,0.8145,0.9982,0.8774,0.9973,0.3451,0.05689,16384,0,0.0615,0.8242,15
35,0.03005,3.848e-06,0.4402,0.5832,0.1425,0.1534,0.4358,0.7596,1.121,0.4358,1.097,0.4358,1.13,0.7939,0.03425,0.002645,0.004902,0.001846,0.8931,0.867,0.9979,0.9984,0.8171,0.9982,0.8931,0.9984,0.347,0.04821,16384,0,0.0604,0.8242,16
36,0.02811,1.671e-06,0.4336,0.5751,0.1385,0.1483,0.4352,0.7507,1.125,0.4352,1.105,0.4352,1.133,0.7931,0.04237,0.002319,0.004936,0.001362,0.9172,0.8428,0.9981,0.9985,0.8236,0.9986,0.9172,0.9985,0.3488,0.0611,16384,0,0.05927,0.8242,17
37,0.02785,5.8e-08,0.4327,0.5684,0.1404,0.1517,0.4403,0.7625,1.129,0.4403,1.104,0.4403,1.138,0.7965,0.03401,0.003764,0.008619,0.00204,0.8052,0.863,0.9981,0.9968,0.811,0.998,0.863,0.9981,0.3491,0.04729,16384,0,0.05813,0.8242,18
38,0.02559,1.871e-07,0.4236,0.5595,0.1446,0.1561,0.4316,0.7501,1.114,0.4316,1.088,0.4316,1.124,0.7897,0.03959,0.003052,0.005372,0.002148,0.8594,0.8712,0.9976,0.9977,0.8122,0.9979,0.8712,0.9977,0.3463,0.04616,16384,0,0.05697,0.8242,19
39,0.02517,3.116e-07,0.4223,0.5563,0.1409,0.1481,0.4323,0.7433,1.119,0.4323,1.099,0.4323,1.127,0.7813,0.03809,0.003805,0.007395,0.002365,0.8296,0.8995,0.9979,0.9984,0.818,0.9976,0.8995,0.9984,0.3475,0.04638,16384,0,0.05579,0.8242,20
40,0.02407,4.639e-07,0.419,0.5469,0.1377,0.1483,0.4363,0.744,1.126,0.4363,1.103,0.4363,1.135,0.7729,0.02888,0.001628,0.003384,0.0009359,0.8992,0.903,0.9977,0.9983,0.8209,0.9991,0.903,0.9983,0.3496,0.06,16384,0,0.05459,0.8242,21
41,0.02296,3.088e-08,0.4152,0.5422,0.1393,0.1469,0.4396,0.755,1.129,0.4396,1.107,0.4396,1.138,0.8206,0.0656,0.001648,0.003505,0.0009513,0.8725,0.8951,0.9974,0.9973,0.8192,0.999,0.8951,0.9974,0.349,0.06096,16384,0,0.05338,0.8242,22
42,0.02243,8.914e-07,0.4124,0.5387,0.1426,0.1532,0.4365,0.7517,1.124,0.4365,1.098,0.4365,1.134,0.7628,0.01113,0.003642,0.008976,0.001486,0.8748,0.8762,0.9978,0.9977,0.8138,0.9985,0.8762,0.9978,0.3488,0.04713,16384,0,0.05215,0.8242,23
43,0.0214,0,0.4088,0.5306,0.1437,0.1545,0.4312,0.7435,1.116,0.4312,1.089,0.4312,1.125,0.7611,0.01763,0.003621,0.007811,0.002065,0.8465,0.8295,0.9972,0.998,0.8083,0.9979,0.8465,0.998,0.3471,0.05512,16384,0,0.05091,0.8242,24
44,0.02082,8.532e-09,0.4079,0.5301,0.1417,0.1514,0.4275,0.7331,1.114,0.4275,1.089,0.4275,1.123,0.7522,0.01903,0.002706,0.006333,0.001276,0.8467,0.8304,0.9983,0.998,0.8087,0.9987,0.8467,0.9983,0.3478,0.05375,16384,0,0.04966,0.8242,25
45,0.01959,1.377e-07,0.4021,0.519,0.1416,0.1545,0.4359,0.7417,1.123,0.4359,1.094,0.4359,1.134,0.7844,0.04267,0.003011,0.007651,0.001353,0.8633,0.8693,0.9969,0.997,0.8137,0.9986,0.8693,0.997,0.3489,0.05994,16384,0,0.0484,0.8242,26
46,0.0186,3.323e-08,0.3983,0.5129,0.145,0.1557,0.4386,0.7451,1.121,0.4386,1.093,0.4386,1.131,0.7764,0.0313,0.002258,0.005324,0.001117,0.8958,0.9025,0.9975,0.9971,0.8201,0.9989,0.9025,0.9975,0.3462,0.0585,16384,0,0.04713,0.8242,27
47,0.01843,6.096e-07,0.3977,0.512,0.1438,0.1487,0.4425,0.7623,1.127,0.4425,1.103,0.4425,1.136,0.7835,0.02122,0.003215,0.006673,0.001887,0.8728,0.919,0.9979,0.9968,0.823,0.9981,0.919,0.9979,0.3467,0.05736,16384,0,0.04585,0.8242,28
48,0.01733,0,0.3936,0.5042,0.1377,0.1471,0.4338,0.7379,1.125,0.4338,1.101,0.4338,1.134,0.7997,0.06171,0.002136,0.003478,0.001628,0.8826,0.8342,0.9975,0.9971,0.8162,0.9984,0.8826,0.9975,0.35,0.05737,16384,0,0.04457,0.8242,29
49,0.0164,0,0.3904,0.4965,0.1457,0.158,0.449,0.7629,1.129,0.449,1.104,0.449,1.139,0.7675,0.004552,0.003337,0.008237,0.001486,0.8269,0.8494,0.998,0.9979,0.8085,0.9985,0.8494,0.998,0.3449,0.05052,16384,0,0.04328,0.8242,30
50,0.01596,3.316e-10,0.3883,0.4932,0.1389,0.1495,0.431,0.7324,1.12,0.431,1.095,0.431,1.129,0.7951,0.06278,0.002157,0.004672,0.001247,0.8419,0.896,0.9976,0.9978,0.8193,0.9988,0.896,0.9978,0.3492,0.06087,16384,0,0.04199,0.8242,31
51,0.01473,4.237e-09,0.3833,0.4866,0.1453,0.1572,0.44,0.7545,1.12,0.44,1.095,0.44,1.13,0.78,0.0255,0.003398,0.005184,0.002694,0.8727,0.9006,0.9978,0.9983,0.8184,0.9973,0.9006,0.9983,0.3448,0.05277,16384,0,0.0407,0.8242,32
52,0.01462,0,0.3825,0.4827,0.1453,0.1545,0.4349,0.7425,1.116,0.4349,1.095,0.4349,1.125,0.7502,0.00774,0.003621,0.009164,0.001469,0.834,0.8508,0.9977,0.9978,0.8088,0.9985,0.8508,0.9978,0.345,0.05152,16384,0,0.0394,0.8242,33
53,0.01366,0,0.3793,0.4754,0.1426,0.1534,0.4382,0.7389,1.123,0.4382,1.097,0.4382,1.133,0.7859,0.04691,0.001872,0.004779,0.000783,0.8384,0.8809,0.9985,0.9984,0.8167,0.9992,0.8809,0.9985,0.3472,0.06363,16384,0,0.03811,0.8242,34
54,0.01292,0,0.3762,0.4699,0.1457,0.1537,0.436,0.7325,1.118,0.436,1.093,0.436,1.127,0.7641,0.03154,0.00415,0.007612,0.002835,0.8486,0.7853,0.9974,0.9979,0.808,0.9972,0.8486,0.9979,0.3454,0.05283,16384,0,0.03682,0.8242,35
55,0.01228,0,0.3725,0.4632,0.1456,0.1587,0.4396,0.7472,1.121,0.4396,1.094,0.4396,1.131,0.7874,0.04011,0.002909,0.00556,0.001907,0.8306,0.911,0.996,0.9981,0.8209,0.9981,0.911,0.9981,0.3459,0.052,16384,0,0.03553,0.8242,36
56,0.01161,0,0.37,0.4591,0.1439,0.1533,0.4391,0.7516,1.124,0.4391,1.1,0.4391,1.133,0.7674,0.01575,0.00293,0.007831,0.001018,0.725,0.8867,0.9978,0.9973,0.8163,0.999,0.8867,0.9978,0.3471,0.05011,16384,0,0.03425,0.8242,37
57,0.01113,0,0.3673,0.4546,0.145,0.1571,0.448,0.7644,1.131,0.448,1.108,0.448,1.14,0.7895,0.02517,0.002319,0.004922,0.001363,0.8724,0.8498,0.9967,0.9968,0.8132,0.9986,0.8724,0.9968,0.3459,0.05227,16384,0,0.03297,0.8242,38
58,0.01062,0,0.3657,0.4485,0.1492,0.1596,0.4427,0.7513,1.119,0.4427,1.092,0.4427,1.129,0.7625,0.01115,0.003011,0.007686,0.001351,0.8455,0.8569,0.9957,0.9966,0.81,0.9986,0.8569,0.9966,0.3432,0.05418,16384,0,0.0317,0.8242,39
59,0.01003,0,0.3633,0.4445,0.1422,0.1516,0.4442,0.7558,1.129,0.4442,1.105,0.4442,1.139,0.7839,0.02811,0.002584,0.005641,0.001408,0.8694,0.8505,0.998,0.9972,0.813,0.9986,0.8694,0.998,0.3472,0.05344,16384,0,0.03044,0.8242,40
60,0.00892,0,0.3579,0.434,0.1459,0.1558,0.4439,0.7538,1.124,0.4439,1.101,0.4439,1.134,0.7589,0.005099,0.003092,0.007229,0.00145,0.8399,0.8985,0.9988,0.9967,0.8183,0.9986,0.8985,0.9988,0.345,0.0498,16384,0,0.02919,0.8242,41
61,0.008159,0,0.354,0.4274,0.1466,0.1536,0.4506,0.7633,1.132,0.4506,1.108,0.4506,1.141,0.7958,0.03252,0.002645,0.005535,0.001545,0.8933,0.8433,0.9983,0.9968,0.8181,0.9985,0.8933,0.9983,0.3453,0.05848,16384,0,0.02795,0.8242,42
62,0.008328,0,0.355,0.4284,0.1441,0.1538,0.4374,0.7427,1.121,0.4374,1.097,0.4374,1.13,0.7743,0.03157,0.002299,0.003964,0.001661,0.9027,0.9124,0.9974,0.9969,0.8214,0.9983,0.9124,0.9974,0.3465,0.05373,16384,0,0.02673,0.8242,43
63,0.007808,0,0.3519,0.424,0.1452,0.1515,0.4402,0.7437,1.121,0.4402,1.097,0.4402,1.13,0.7831,0.03942,0.001729,0.004205,0.0007636,0.8732,0.8409,0.9975,0.9978,0.8146,0.9992,0.8732,0.9978,0.345,0.06163,16384,0,0.02551,0.8242,44
64,0.007261,0,0.3492,0.4186,0.1452,0.1546,0.4411,0.7499,1.122,0.4411,1.095,0.4411,1.133,0.735,-0.01485,0.004618,0.01039,0.002285,0.8286,0.8912,0.9969,0.9968,0.8163,0.9977,0.8912,0.9969,0.3462,0.04913,16384,0,0.02432,0.8242,45
65,0.006613,0,0.346,0.4107,0.1448,0.1518,0.4494,0.7653,1.133,0.4494,1.109,0.4494,1.142,0.8054,0.0401,0.002462,0.005315,0.001417,0.8398,0.8474,0.9969,0.9974,0.8087,0.9986,0.8474,0.9974,0.3461,0.05606,16384,0,0.02314,0.8242,46
66,0.005953,0,0.3435,0.4044,0.1439,0.1562,0.4392,0.7506,1.123,0.4392,1.096,0.4392,1.133,0.7883,0.03772,0.002218,0.006552,0.0006133,0.8582,0.9056,0.9963,0.9978,0.8209,0.9994,0.9056,0.9978,0.347,0.05659,16384,0,0.02197,0.8242,47
67,0.005605,0,0.3406,0.3994,0.1441,0.1566,0.4436,0.7492,1.127,0.4436,1.102,0.4436,1.137,0.7861,0.03687,0.003092,0.00605,0.001947,0.8945,0.8499,0.9986,0.998,0.8178,0.9981,0.8945,0.9986,0.3469,0.05286,16384,0,0.02083,0.8242,48
68,0.005077,0,0.3376,0.3936,0.1415,0.1522,0.4419,0.7525,1.129,0.4419,1.105,0.4419,1.137,0.7833,0.03079,0.003967,0.008199,0.002418,0.8339,0.9004,0.998,0.9983,0.8181,0.9976,0.9004,0.9983,0.3477,0.04587,16384,0,0.0197,0.8242,49
69,0.004883,0,0.3359,0.3919,0.147,0.1557,0.4488,0.7565,1.129,0.4488,1.104,0.4488,1.139,0.7942,0.03773,0.003682,0.007153,0.002284,0.8788,0.895,0.9969,0.9974,0.817,0.9977,0.895,0.9974,0.3448,0.04963,16384,0,0.0186,0.8242,50
70,0.004447,0,0.3332,0.3866,0.1447,0.1516,0.4495,0.7598,1.131,0.4495,1.107,0.4495,1.141,0.7847,0.02486,0.003296,0.007717,0.001581,0.7766,0.9169,0.9975,0.998,0.8216,0.9984,0.9169,0.998,0.3457,0.04688,16384,0,0.01752,0.8242,51
71,0.003979,0,0.3304,0.3804,0.1409,0.15,0.4429,0.7525,1.13,0.4429,1.107,0.4429,1.14,0.7921,0.03959,0.003133,0.006653,0.001692,0.9078,0.8358,0.9976,0.9974,0.8203,0.9983,0.9078,0.9976,0.3485,0.0497,16384,0,0.01646,0.8242,52
72,0.003771,0,0.3283,0.3761,0.1435,0.1511,0.451,0.7622,1.136,0.451,1.113,0.451,1.145,0.8189,0.05671,0.001465,0.003209,0.0008112,0.8702,0.8629,0.9965,0.9959,0.8129,0.9992,0.8702,0.9965,0.3469,0.05074,16384,0,0.01543,0.8242,53
73,0.003382,0,0.3256,0.3712,0.1428,0.1543,0.4473,0.7522,1.132,0.4473,1.106,0.4473,1.142,0.7954,0.04322,0.002584,0.006468,0.001143,0.9059,0.8478,0.9978,0.9985,0.8203,0.9989,0.9059,0.9985,0.3472,0.05119,16384,0,0.01443,0.8242,54
74,0.003107,0,0.3229,0.3673,0.1463,0.1583,0.4487,0.7525,1.128,0.4487,1.103,0.4487,1.138,0.7867,0.0342,0.002116,0.004905,0.001042,0.8539,0.8662,0.9965,0.9972,0.8116,0.999,0.8662,0.9972,0.3447,0.04743,16384,0,0.01345,0.8242,55
75,0.002883,0,0.3209,0.3627,0.1458,0.1569,0.4557,0.764,1.136,0.4557,1.111,0.4557,1.145,0.7877,0.02376,0.002116,0.005055,0.0009859,0.8966,0.8665,0.998,0.9971,0.8189,0.999,0.8966,0.998,0.3447,0.05876,16384,0,0.0125,0.8242,56
76,0.002643,0,0.3181,0.3582,0.1486,0.1592,0.451,0.755,1.128,0.451,1.101,0.451,1.138,0.7749,0.0199,0.00293,0.008942,0.0006457,0.8627,0.863,0.9966,0.9982,0.8124,0.9994,0.863,0.9982,0.3435,0.05994,16384,0,0.01157,0.8242,57
77,0.002285,0,0.316,0.3545,0.1487,0.1589,0.4593,0.7674,1.136,0.4593,1.111,0.4593,1.146,0.8033,0.03598,0.00179,0.00319,0.001244,0.8677,0.9133,0.9972,0.9964,0.8214,0.9988,0.9133,0.9972,0.3433,0.05348,16384,0,0.01068,0.8242,58
78,0.002109,0,0.3143,0.3512,0.1501,0.1613,0.4571,0.7646,1.133,0.4571,1.106,0.4571,1.143,0.7991,0.03446,0.00297,0.006893,0.001442,0.8655,0.9026,0.9964,0.9972,0.8188,0.9986,0.9026,0.9972,0.343,0.05053,16384,0,0.00982,0.8242,59
79,0.001945,0,0.312,0.347,0.1447,0.155,0.4544,0.7649,1.137,0.4544,1.111,0.4544,1.147,0.7884,0.02348,0.001648,0.004171,0.0006998,0.8736,0.9066,0.9971,0.9973,0.8204,0.9993,0.9066,0.9973,0.3462,0.05198,16384,0,0.00899,0.8242,60
80,0.001741,0,0.3103,0.3445,0.148,0.1599,0.4569,0.7605,1.135,0.4569,1.109,0.4569,1.145,0.7939,0.03344,0.00293,0.006326,0.00161,0.8739,0.882,0.9977,0.9974,0.8155,0.9984,0.882,0.9977,0.344,0.05808,16384,0,0.008193,0.8242,61
81,0.001623,0,0.308,0.3408,0.149,0.16,0.4571,0.7664,1.134,0.4571,1.108,0.4571,1.144,0.7969,0.03053,0.002686,0.006507,0.001166,0.8775,0.8423,0.9949,0.9973,0.8142,0.9988,0.8775,0.9973,0.3436,0.05315,16384,0,0.007429,0.8242,62
82,0.001419,0,0.3062,0.3372,0.1486,0.1583,0.4558,0.7627,1.134,0.4558,1.11,0.4558,1.143,0.8027,0.03996,0.002584,0.005066,0.001594,0.8634,0.8571,0.9972,0.998,0.8117,0.9984,0.8634,0.998,0.3438,0.05663,16384,0,0.006699,0.8242,63
83,0.001311,0,0.3054,0.3359,0.1483,0.1588,0.4612,0.7732,1.14,0.4612,1.116,0.4612,1.148,0.8226,0.04939,0.001933,0.003278,0.001427,0.8893,0.8899,0.996,0.9971,0.817,0.9986,0.8899,0.9971,0.3436,0.0577,16384,0,0.006005,0.8242,64
84,0.001273,0,0.3031,0.3329,0.1517,0.161,0.466,0.7782,1.14,0.466,1.115,0.466,1.149,0.82,0.04185,0.001648,0.003933,0.0007848,0.8857,0.9075,0.9969,0.9974,0.8203,0.9992,0.9075,0.9974,0.3415,0.05436,16384,0,0.005346,0.8242,65
85,0.001174,0,0.3025,0.3316,0.1487,0.1586,0.4607,0.7658,1.138,0.4607,1.114,0.4607,1.147,0.7983,0.03251,0.002543,0.005524,0.001363,0.9188,0.8714,0.9967,0.9981,0.8227,0.9986,0.9188,0.9981,0.3432,0.05478,16384,0,0.004723,0.8242,66
86,0.001101,0,0.3012,0.3297,0.1508,0.1611,0.4611,0.7651,1.136,0.4611,1.111,0.4611,1.146,0.8198,0.05467,0.002014,0.002919,0.001652,0.9022,0.8571,0.9966,0.9981,0.8196,0.9983,0.9022,0.9981,0.3423,0.06007,16384,0,0.004137,0.8242,67
87,0.0009467,0,0.2999,0.3276,0.1492,0.159,0.4628,0.7737,1.139,0.4628,1.115,0.4628,1.149,0.8097,0.03596,0.002991,0.005977,0.001815,0.8924,0.8708,0.9969,0.9976,0.8169,0.9982,0.8924,0.9976,0.3432,0.05244,16384,0,0.00359,0.8242,68
88,0.0009327,0,0.2987,0.326,0.1494,0.1601,0.4667,0.7765,1.143,0.4667,1.119,0.4667,1.153,0.8227,0.04624,0.002299,0.005483,0.001071,0.911,0.887,0.9965,0.9968,0.8214,0.9989,0.911,0.9968,0.3429,0.05816,16384,0,0.00308,0.8242,69
89,0.0009004,0,0.2982,0.3254,0.1517,0.1597,0.4654,0.7693,1.139,0.4654,1.115,0.4654,1.148,0.828,0.05872,0.002421,0.005026,0.00137,0.898,0.8915,0.9972,0.9971,0.8186,0.9986,0.898,0.9972,0.3414,0.05871,16384,0,0.002609,0.8242,70
90,0.0008942,0,0.297,0.324,0.1521,0.1617,0.467,0.7798,1.14,0.467,1.115,0.467,1.149,0.8311,0.05125,0.002808,0.005607,0.001722,0.8754,0.8891,0.997,0.9976,0.8166,0.9983,0.8891,0.9976,0.3411,0.0585,16384,0,0.002177,0.8242,71
91,0.0007557,0,0.2963,0.322,0.1508,0.1607,0.4654,0.7764,1.14,0.4654,1.116,0.4654,1.15,0.8248,0.04837,0.002482,0.005275,0.001345,0.8943,0.8737,0.9965,0.9975,0.8173,0.9987,0.8943,0.9975,0.3423,0.0522,16384,0,0.001786,0.8242,72
92,0.0007759,0,0.2955,0.3216,0.1515,0.1635,0.4667,0.7809,1.14,0.4667,1.116,0.4667,1.15,0.8215,0.04064,0.002726,0.005673,0.001561,0.8839,0.8761,0.9961,0.9975,0.815,0.9984,0.8839,0.9975,0.3417,0.05124,16384,0,0.001434,0.8242,73
93,0.0007306,0,0.2954,0.3212,0.1506,0.1619,0.4664,0.78,1.141,0.4664,1.118,0.4664,1.151,0.8304,0.05042,0.002869,0.005413,0.00187,0.9005,0.8822,0.9966,0.998,0.8187,0.9981,0.9005,0.998,0.3422,0.05542,16384,0,0.001123,0.8242,74
94,0.0007554,0,0.2946,0.3204,0.15,0.1615,0.4683,0.7815,1.144,0.4683,1.12,0.4683,1.153,0.823,0.04151,0.002645,0.005803,0.001435,0.9059,0.8906,0.9965,0.9974,0.8201,0.9986,0.9059,0.9974,0.3425,0.05657,16384,0,0.0008522,0.8242,75
95,0.0007505,0,0.2943,0.3192,0.1524,0.1638,0.4674,0.7797,1.14,0.4674,1.116,0.4674,1.149,0.8228,0.04304,0.002584,0.005734,0.001357,0.9082,0.8964,0.9966,0.9975,0.8202,0.9986,0.9082,0.9975,0.3408,0.05492,16384,0,0.0006229,0.8242,76
96,0.0006642,0,0.2941,0.3194,0.1516,0.1626,0.4677,0.7777,1.141,0.4677,1.118,0.4677,1.15,0.8204,0.04268,0.002502,0.005395,0.001362,0.9073,0.9048,0.9961,0.997,0.8203,0.9986,0.9073,0.997,0.3414,0.05776,16384,0,0.0004349,0.8242,77
97,0.0007208,0,0.2939,0.319,0.1517,0.1623,0.4675,0.7817,1.141,0.4675,1.117,0.4675,1.15,0.824,0.04225,0.002584,0.005648,0.001365,0.9106,0.8991,0.9965,0.9975,0.8209,0.9986,0.9106,0.9975,0.3414,0.05595,16384,0,0.0002886,0.8242,78
98,0.0007173,0,0.2938,0.3189,0.1514,0.162,0.4686,0.7835,1.142,0.4686,1.119,0.4686,1.152,0.8227,0.03923,0.002665,0.005399,0.001588,0.9059,0.8992,0.9961,0.9971,0.8197,0.9984,0.9059,0.9971,0.3416,0.05538,16384,0,0.0001839,0.8242,79
99,0.0006636,0,0.2939,0.3187,0.1513,0.1621,0.4685,0.7816,1.143,0.4685,1.118,0.4685,1.152,0.8266,0.04495,0.002665,0.005389,0.001589,0.9087,0.8975,0.9966,0.9972,0.8203,0.9984,0.9087,0.9972,0.3418,0.05544,16384,0,0.000121,0.8242,80
100,0.0006784,0,0.2934,0.3183,0.1514,0.1616,0.4686,0.7825,1.142,0.4686,1.119,0.4686,1.151,0.8269,0.04443,0.002502,0.005346,0.001367,0.9121,0.9028,0.9965,0.9971,0.821,0.9986,0.9121,0.9971,0.3414,0.05489,16384,0,0.0001,0.8242,81
