epoch,train_loss,train_loss_metric,train_loss_teacher_similarity,train_loss_positive_consistency,train_loss_quantization,train_loss_balance,train_loss_decorrelation,train_positive_hamming,train_mean_abs_bit_balance,train_mean_abs_continuous,train_pos_dist,train_neg_dist,train_lr,train_temperature,val_pos_mean,val_pos_p95,val_pos_p99,val_valid_anchor_count,val_skipped_anchor_count,val_valid_anchor_ratio,val_selected_negative_count,val_same_finger_selected_negative_count,val_cross_finger_selected_negative_count,val_fpr_at_tpr95,val_tpr_at_fpr_1e_4,val_roc_auc,val_eer,val_neg_mean,val_neg_p01,val_neg_p05,val_recall_at_1,val_active_triplet_ratio,val_loss,val_same_finger_pos_mean,val_same_finger_fpr_at_tpr95,val_same_finger_tpr_at_fpr_1e_4,val_same_finger_roc_auc,val_same_finger_eer,val_same_finger_neg_mean,val_same_finger_neg_p01,val_same_finger_neg_p05,val_same_finger_recall_at_1,val_same_finger_active_triplet_ratio,val_same_finger_loss,val_cross_finger_pos_mean,val_cross_finger_fpr_at_tpr95,val_cross_finger_tpr_at_fpr_1e_4,val_cross_finger_roc_auc,val_cross_finger_eer,val_cross_finger_neg_mean,val_cross_finger_neg_p01,val_cross_finger_neg_p05,val_cross_finger_recall_at_1,val_cross_finger_active_triplet_ratio,val_cross_finger_loss,val_batch_count,val_configured_finger_count,val_configured_batch_count,val_configured_batch_size,val_planned_positive_count,val_hard_negative_count_mean,val_bit_one_fraction,val_bit_balance_error,val_constant_bit_ratio,val_checkpoint_selection_score,val_checkpoint_selection_false_acceptance,val_checkpoint_selection_low_fpr_recall,val_checkpoint_selection_hard_negative_recall,val_checkpoint_selection_mean_gap,val_checkpoint_selection_tail_gap,early_stop_best_selection_score,no_improve_epochs
1,0.04832,0.007193,0.002314,0.2184,0.1775,0.01036,0.00887,0.07238,0.07977,0.7077,0.528,1.197,0.0005,0.9848,0.1346,0.2402,0.293,6144,0,1,1.843e+04,4278,1.415e+04,0.001194,0.8516,0.9982,0.01394,0.3835,0.2779,0.3164,0.9971,0.04329,0.000851,0.1346,0.002805,0.9015,0.9975,0.01759,0.3734,0.2656,0.2988,0.9966,0.04341,0.001263,0.1346,0.0007065,0.8516,0.9985,0.01188,0.3865,0.2832,0.3223,0.9978,0.03261,0.0007565,256,7,256,24,6144,3,0.5005,0.05527,0,0.8091,0.9993,0.9015,0.9978,0.2519,0.04297,0.8091,0
2,0.02524,0.006699,0.003824,0.1042,0.05578,0.01684,0.01469,0.07285,0.1036,0.8999,0.5308,1.192,0.001,0.9698,0.1346,0.2363,0.293,6144,0,1,1.843e+04,4216,1.422e+04,0.001411,0.884,0.9982,0.014,0.3845,0.2734,0.3164,0.9972,0.04427,0.0009007,0.1346,0.003795,0.884,0.9975,0.01814,0.3747,0.2598,0.3008,0.9963,0.04629,0.001281,0.1346,0.0007034,0.8936,0.9984,0.01215,0.3874,0.2812,0.3223,0.998,0.03167,0.0007619,256,7,256,24,6144,3,0.4999,0.05322,0,0.8079,0.9993,0.8936,0.998,0.2528,0.04492,0.8091,1
3,0.02152,0.005802,0.003829,0.09036,0.04178,0.01395,0.01532,0.0705,0.09432,0.9249,0.5217,1.196,0.0009999,0.955,0.1348,0.2363,0.2921,6144,0,1,1.843e+04,4329,1.41e+04,0.001519,0.8621,0.9984,0.01282,0.3861,0.2773,0.3164,0.9969,0.04004,0.0008689,0.1348,0.002772,0.8621,0.9976,0.018,0.3761,0.2598,0.2996,0.9963,0.04167,0.001275,0.1348,0.001135,0.8892,0.9986,0.01109,0.3892,0.2871,0.3262,0.9975,0.02923,0.0007625,256,7,256,24,6144,3,0.4993,0.04765,0,0.8075,0.9989,0.8892,0.9975,0.2544,0.05078,0.8091,2
4,0.0195,0.005264,0.003674,0.08351,0.03495,0.01211,0.01558,0.06837,0.08782,0.9371,0.513,1.199,0.0009996,0.9405,0.135,0.2383,0.293,6144,0,1,1.843e+04,4261,1.417e+04,0.001302,0.8853,0.9984,0.01233,0.3871,0.2812,0.3203,0.9969,0.0363,0.000819,0.135,0.004224,0.8853,0.9976,0.017,0.3765,0.2656,0.3027,0.9967,0.0383,0.001233,0.135,0.0004234,0.916,0.9986,0.01019,0.3902,0.293,0.3281,0.9976,0.02799,0.0007501,256,7,256,24,6144,3,0.5014,0.04788,0,0.8136,0.9996,0.916,0.9976,0.2552,0.05469,0.8136,0
5,0.01842,0.005059,0.003639,0.07952,0.03045,0.01125,0.01582,0.06742,0.08465,0.9451,0.509,1.201,0.000999,0.9261,0.135,0.2363,0.291,6144,0,1,1.843e+04,4280,1.415e+04,0.001085,0.8669,0.9984,0.01223,0.388,0.2793,0.3223,0.9976,0.03857,0.0008224,0.135,0.002804,0.8669,0.9976,0.01604,0.3773,0.2637,0.3047,0.997,0.0385,0.001161,0.135,0.0005653,0.9141,0.9986,0.01025,0.3913,0.291,0.3301,0.998,0.02803,0.0007258,256,7,256,24,6144,3,0.4992,0.04507,0,0.8133,0.9994,0.9141,0.998,0.2563,0.05469,0.8136,1
6,0.01757,0.004831,0.003627,0.07672,0.02719,0.01097,0.01597,0.06668,0.0836,0.951,0.5059,1.202,0.0009982,0.912,0.1347,0.2383,0.293,6144,0,1,1.843e+04,4380,1.405e+04,0.001411,0.8643,0.9982,0.01207,0.3878,0.2793,0.3203,0.9971,0.03809,0.0008123,0.1347,0.003653,0.8643,0.9974,0.01603,0.3778,0.2617,0.3027,0.9967,0.04118,0.001236,0.1347,0.0007116,0.8896,0.9984,0.01036,0.391,0.291,0.3262,0.9976,0.02658,0.0006825,256,7,256,24,6144,3,0.5002,0.04537,0,0.8081,0.9993,0.8896,0.9976,0.2562,0.05273,0.8136,2
7,0.01684,0.004541,0.003677,0.07454,0.02467,0.01086,0.01608,0.066,0.08317,0.9555,0.5033,1.203,0.0009972,0.8981,0.1348,0.2363,0.2891,6144,0,1,1.843e+04,4292,1.414e+04,0.0008681,0.8791,0.9984,0.01126,0.3884,0.2832,0.3223,0.9972,0.03581,0.0008144,0.1348,0.00233,0.9072,0.9977,0.01411,0.3776,0.2656,0.3027,0.9966,0.03507,0.001183,0.1348,0.0004243,0.8791,0.9987,0.01004,0.3917,0.2891,0.332,0.9978,0.02637,0.0007031,256,7,256,24,6144,3,0.4987,0.0452,0,0.8119,0.9996,0.9072,0.9978,0.2569,0.05273,0.8136,3
8,0.01658,0.004561,0.003681,0.07345,0.02299,0.01073,0.01603,0.06594,0.08271,0.9585,0.5031,1.203,0.000996,0.8844,0.1349,0.2363,0.293,6144,0,1,1.843e+04,4289,1.414e+04,0.001628,0.8984,0.9984,0.01225,0.3881,0.2812,0.3203,0.9977,0.04069,0.0008009,0.1349,0.003264,0.9115,0.9977,0.01441,0.3771,0.2676,0.3027,0.9974,0.04051,0.001139,0.1349,0.001131,0.8984,0.9986,0.01043,0.3915,0.291,0.3281,0.998,0.0288,0.0006632,256,7,256,24,6144,3,0.4976,0.04312,0,0.8126,0.9989,0.9115,0.998,0.2565,0.05469,0.8136,4
9,0.01626,0.004514,0.003697,0.07225,0.02142,0.01053,0.01611,0.06556,0.08193,0.9614,0.5013,1.203,0.0009945,0.871,0.1348,0.2363,0.293,6144,0,1,1.843e+04,4345,1.409e+04,0.001085,0.908,0.9983,0.01221,0.3883,0.2812,0.3223,0.9977,0.03727,0.0007401,0.1348,0.002762,0.9198,0.9976,0.01644,0.3781,0.2665,0.3047,0.9974,0.03913,0.00105,0.1348,0.0005679,0.908,0.9985,0.01038,0.3915,0.291,0.3281,0.9981,0.02651,0.0006332,256,7,256,24,6144,3,0.5014,0.04479,0,0.8145,0.9994,0.9198,0.9981,0.2566,0.05469,0.8136,5
10,0.0158,0.004267,0.003706,0.0713,0.02012,0.01061,0.01616,0.06534,0.0823,0.9637,0.5004,1.203,0.0009929,0.8577,0.1342,0.2363,0.2902,6144,0,1,1.843e+04,4374,1.406e+04,0.001845,0.9102,0.9982,0.0119,0.387,0.2793,0.3184,0.9966,0.03939,0.0008517,0.1342,0.004572,0.9102,0.9974,0.01834,0.3761,0.2578,0.2988,0.996,0.04001,0.001194,0.1342,0.0009959,0.9191,0.9984,0.01041,0.3904,0.2871,0.3262,0.9971,0.02809,0.0007218,256,7,256,24,6144,3,0.5024,0.04301,0,0.8136,0.999,0.9191,0.9971,0.2562,0.05078,0.8136,6
11,0.01546,0.004135,0.003721,0.07024,0.01902,0.01045,0.01622,0.06477,0.0816,0.9657,0.4982,1.204,0.000991,0.8446,0.1346,0.2363,0.2941,6144,0,1,1.843e+04,4315,1.412e+04,0.001411,0.8783,0.9984,0.01252,0.3875,0.2812,0.3203,0.9971,0.0363,0.0007769,0.1346,0.004635,0.8783,0.9976,0.01645,0.377,0.2639,0.3041,0.9963,0.03716,0.001195,0.1346,0.000425,0.8986,0.9986,0.01146,0.3907,0.2874,0.3262,0.9978,0.02653,0.0006739,256,7,256,24,6144,3,0.5023,0.04421,0,0.8099,0.9996,0.8986,0.9978,0.2561,0.05109,0.8136,7
12,0.0154,0.004227,0.003722,0.06971,0.01813,0.01026,0.01618,0.0647,0.0809,0.9673,0.4978,1.203,0.0009889,0.8318,0.1346,0.2383,0.2891,6144,0,1,1.843e+04,4275,1.416e+04,0.001411,0.8366,0.9983,0.01122,0.3883,0.2812,0.3203,0.9974,0.03939,0.0008078,0.1346,0.003743,0.8514,0.9976,0.01606,0.3776,0.2617,0.3027,0.9977,0.03866,0.001142,0.1346,0.0007064,0.8366,0.9986,0.01038,0.3915,0.2871,0.3281,0.9976,0.02869,0.0007161,256,7,256,24,6144,3,0.5016,0.04345,0,0.8002,0.9993,0.8514,0.9977,0.2569,0.04883,0.8136,8
13,0.01489,0.003892,0.003705,0.06877,0.01732,0.01053,0.01624,0.0641,0.08197,0.9688,0.4953,1.204,0.0009866,0.8191,0.1347,0.2383,0.2969,6144,0,1,1.843e+04,4243,1.419e+04,0.001411,0.771,0.9985,0.0126,0.388,0.2812,0.3184,0.9977,0.03971,0.0007872,0.1347,0.004242,0.8577,0.9977,0.01733,0.3778,0.2637,0.3047,0.9977,0.03819,0.001124,0.1347,0.0005638,0.771,0.9988,0.01148,0.391,0.2891,0.3262,0.9983,0.02934,0.0006689,256,7,256,24,6144,3,0.5025,0.04521,0,0.8018,0.9994,0.8577,0.9983,0.2564,0.05078,0.8136,9
14,0.01475,0.003871,0.003719,0.06834,0.01661,0.01022,0.01624,0.06405,0.08075,0.9701,0.4951,1.204,0.000984,0.8066,0.1346,0.2363,0.293,6144,0,1,1.843e+04,4331,1.41e+04,0.001194,0.8026,0.9984,0.01252,0.3884,0.2812,0.3203,0.9971,0.03597,0.0008034,0.1346,0.004156,0.8962,0.9976,0.01608,0.378,0.2609,0.3047,0.9978,0.03434,0.001108,0.1346,0.0002837,0.8026,0.9986,0.0111,0.3916,0.2871,0.3262,0.9975,0.0272,0.0007119,256,7,256,24,6144,3,0.5017,0.0423,0,0.8095,0.9997,0.8962,0.9978,0.257,0.05078,0.8136,10
15,0.01463,0.003844,0.003759,0.06788,0.0159,0.01038,0.01625,0.0639,0.08133,0.9713,0.4943,1.204,0.0009813,0.7943,0.1345,0.2344,0.2902,6144,0,1,1.843e+04,4255,1.418e+04,0.001085,0.854,0.9985,0.01143,0.3887,0.2812,0.3203,0.9971,0.03792,0.0007626,0.1345,0.00329,0.854,0.9978,0.01473,0.3782,0.2715,0.3047,0.9973,0.03874,0.001091,0.1345,0.0004232,0.8595,0.9987,0.01008,0.3918,0.2905,0.3262,0.9978,0.02702,0.0006579,256,7,256,24,6144,3,0.5038,0.04276,0,0.8027,0.9996,0.8595,0.9978,0.2573,0.05617,0.8136,11
16,0.01421,0.003582,0.003767,0.06691,0.01522,0.0103,0.01624,0.06317,0.08095,0.9725,0.4913,1.204,0.0009783,0.7822,0.1347,0.238,0.2902,6144,0,1,1.843e+04,4361,1.407e+04,0.001302,0.8521,0.9985,0.01206,0.3886,0.2812,0.3203,0.9979,0.03727,0.000784,0.1347,0.002752,0.8701,0.9978,0.01571,0.3784,0.2656,0.3027,0.9974,0.03817,0.00117,0.1347,0.0008528,0.8521,0.9987,0.01015,0.3918,0.2891,0.3281,0.9983,0.02674,0.000659,256,7,256,24,6144,3,0.5034,0.04137,0,0.8042,0.9991,0.8701,0.9983,0.2572,0.05107,0.8136,12
17,0.01414,0.003613,0.003763,0.06659,0.01461,0.01024,0.01624,0.06313,0.08081,0.9737,0.491,1.204,0.0009751,0.7703,0.1352,0.238,0.2891,6144,0,1,1.843e+04,4333,1.41e+04,0.0009766,0.8577,0.9986,0.01177,0.3892,0.2812,0.3203,0.9979,0.0376,0.0007813,0.1352,0.001846,0.8625,0.9979,0.01571,0.3792,0.2682,0.3066,0.9978,0.03684,0.001094,0.1352,0.0007093,0.8577,0.9988,0.01014,0.3922,0.2871,0.3301,0.9985,0.02814,0.0006709,256,7,256,24,6144,3,0.5034,0.04159,0,0.8026,0.9993,0.8625,0.9985,0.2571,0.04912,0.8136,13
18,0.01408,0.003603,0.003815,0.06625,0.01415,0.01027,0.01627,0.06298,0.08097,0.9745,0.4904,1.204,0.0009717,0.7586,0.1347,0.2383,0.2949,6144,0,1,1.843e+04,4276,1.416e+04,0.001519,0.8382,0.9985,0.01292,0.3886,0.2799,0.3223,0.9977,0.0376,0.0008194,0.1347,0.003742,0.8709,0.9977,0.01715,0.3778,0.2656,0.3027,0.9974,0.03673,0.001208,0.1347,0.0008477,0.8382,0.9987,0.0107,0.3918,0.291,0.3281,0.9983,0.0289,0.0007112,256,7,256,24,6144,3,0.5026,0.0433,0,0.8045,0.9992,0.8709,0.9983,0.2571,0.05273,0.8136,14
19,0.01377,0.003412,0.003789,0.06572,0.01366,0.01013,0.0163,0.06263,0.08029,0.9754,0.4891,1.205,0.0009681,0.747,0.1352,0.2383,0.293,6144,0,1,1.843e+04,4295,1.414e+04,0.001519,0.84,0.9983,0.01178,0.3889,0.2832,0.3223,0.9972,0.03662,0.0008837,0.1352,0.00326,0.8791,0.9976,0.01524,0.3791,0.2676,0.3047,0.9966,0.03494,0.001274,0.1352,0.0009903,0.84,0.9985,0.01063,0.3919,0.291,0.3281,0.998,0.02835,0.0007672,256,7,256,24,6144,3,0.5028,0.0411,0,0.806,0.999,0.8791,0.998,0.2567,0.05273,0.8136,15
20,0.01353,0.003281,0.00379,0.06512,0.01315,0.01028,0.01627,0.06221,0.08095,0.9763,0.4871,1.205,0.0009643,0.7357,0.135,0.2383,0.2969,6144,0,1,1.843e+04,4386,1.405e+04,0.001736,0.8757,0.9984,0.01306,0.3879,0.2793,0.3203,0.9977,0.0363,0.0007895,0.135,0.003192,0.9036,0.9977,0.01679,0.3779,0.2656,0.3008,0.9971,0.03426,0.001108,0.135,0.001282,0.8757,0.9986,0.01142,0.3911,0.291,0.3281,0.9985,0.02779,0.0006638,256,7,256,24,6144,3,0.5031,0.04417,0,0.8108,0.9987,0.9036,0.9985,0.256,0.05273,0.8136,16
21,0.01342,0.003251,0.003803,0.06459,0.01271,0.0104,0.01632,0.06184,0.08136,0.9771,0.4854,1.204,0.0009603,0.7244,0.135,0.2383,0.2891,6144,0,1,1.843e+04,4286,1.415e+04,0.001953,0.8685,0.9985,0.01144,0.3889,0.2812,0.3203,0.9977,0.03711,0.0007818,0.135,0.003733,0.8685,0.9977,0.01549,0.3782,0.2676,0.3027,0.9977,0.03527,0.001171,0.135,0.001414,0.8685,0.9987,0.009928,0.3921,0.291,0.3281,0.9983,0.02752,0.0006396,256,7,256,24,6144,3,0.5032,0.04196,0,0.8038,0.9986,0.8685,0.9983,0.2572,0.05273,0.8136,17
22,0.01326,0.003187,0.003801,0.06413,0.01228,0.01032,0.01636,0.06153,0.08107,0.9779,0.4841,1.205,0.0009561,0.7134,0.1347,0.2363,0.2949,6144,0,1,1.843e+04,4301,1.413e+04,0.001519,0.8078,0.9985,0.0131,0.3881,0.2773,0.3184,0.998,0.0363,0.0007787,0.1347,0.00279,0.8815,0.9977,0.0169,0.3773,0.2637,0.2969,0.997,0.0347,0.001133,0.1347,0.001132,0.8078,0.9987,0.01147,0.3914,0.2871,0.3281,0.9986,0.02699,0.0006512,256,7,256,24,6144,3,0.5042,0.0433,0,0.8063,0.9989,0.8815,0.9986,0.2567,0.05078,0.8136,18
23,0.01299,0.002993,0.003806,0.06375,0.01188,0.01037,0.01629,0.06132,0.08135,0.9786,0.4831,1.205,0.0009516,0.7025,0.1346,0.2363,0.2952,6144,0,1,1.843e+04,4306,1.413e+04,0.001411,0.8268,0.9984,0.01215,0.3886,0.2793,0.3203,0.9974,0.03857,0.0008038,0.1346,0.002787,0.89,0.9977,0.01479,0.3778,0.2656,0.3027,0.997,0.03658,0.001197,0.1346,0.0009911,0.8268,0.9986,0.01075,0.3919,0.2891,0.3281,0.9978,0.02871,0.0006734,256,7,256,24,6144,3,0.5042,0.04285,0,0.8082,0.999,0.89,0.9978,0.2572,0.05273,0.8136,19
24,0.01288,0.002962,0.003827,0.06321,0.01154,0.01042,0.01631,0.06088,0.08151,0.9792,0.4811,1.205,0.000947,0.6918,0.1345,0.2363,0.2941,6144,0,1,1.843e+04,4306,1.413e+04,0.001519,0.7913,0.9984,0.01212,0.3884,0.2812,0.3203,0.9979,0.03776,0.0008428,0.1345,0.002787,0.8771,0.9977,0.01644,0.3775,0.2676,0.3008,0.9974,0.03835,0.001214,0.1345,0.001133,0.7913,0.9987,0.01065,0.3917,0.2891,0.3281,0.9986,0.02734,0.0007018,256,7,256,24,6144,3,0.5036,0.04328,0,0.8057,0.9989,0.8771,0.9986,0.2572,0.05273,0.8136,20
25,0.01269,0.002865,0.003814,0.06275,0.01118,0.01012,0.01627,0.06054,0.0803,0.9799,0.4796,1.205,0.0009422,0.6813,0.1346,0.2383,0.2921,6144,0,1,1.843e+04,4329,1.41e+04,0.002007,0.8547,0.9982,0.01306,0.3879,0.2773,0.3184,0.9982,0.0389,0.0008642,0.1346,0.003234,0.901,0.9974,0.01792,0.3768,0.2617,0.2988,0.9978,0.03781,0.001243,0.1346,0.001631,0.8547,0.9984,0.01108,0.3913,0.2871,0.3281,0.9985,0.02783,0.0007321,256,7,256,24,6144,3,0.5036,0.04376,0,0.8098,0.9984,0.901,0.9985,0.2567,0.04883,0.8136,21
26,0.01254,0.002777,0.003814,0.06246,0.01086,0.01007,0.01628,0.06033,0.08013,0.9804,0.4787,1.206,0.0009371,0.6709,0.1349,0.2383,0.2941,6144,0,1,1.843e+04,4366,1.407e+04,0.001736,0.8407,0.9984,0.01336,0.3884,0.2773,0.3184,0.9977,0.04085,0.0008549,0.1349,0.003207,0.8407,0.9977,0.01585,0.3784,0.2656,0.3008,0.9971,0.03807,0.001173,0.1349,0.00128,0.8856,0.9986,0.01131,0.3915,0.2871,0.3262,0.9985,0.03005,0.0007384,256,7,256,24,6144,3,0.5034,0.04255,0,0.8069,0.9987,0.8856,0.9985,0.2566,0.04883,0.8136,22
27,0.0125,0.002785,0.003834,0.06214,0.01053,0.01019,0.01624,0.06014,0.08066,0.981,0.4778,1.205,0.0009319,0.6607,0.135,0.2363,0.293,6144,0,1,1.843e+04,4322,1.411e+04,0.001899,0.8823,0.9984,0.01292,0.3883,0.2773,0.3203,0.9979,0.03874,0.0008188,0.135,0.002776,0.8874,0.9977,0.0177,0.3782,0.2637,0.3027,0.997,0.03876,0.001222,0.135,0.00163,0.8823,0.9986,0.01101,0.3914,0.2871,0.3262,0.9983,0.02791,0.0007038,256,7,256,24,6144,3,0.5032,0.04278,0,0.8072,0.9984,0.8874,0.9983,0.2565,0.05078,0.8136,23
28,0.01219,0.002561,0.003829,0.06163,0.01023,0.01016,0.01627,0.0597,0.08048,0.9816,0.4758,1.206,0.0009265,0.6506,0.1349,0.2363,0.293,6144,0,1,1.843e+04,4312,1.412e+04,0.001465,0.8201,0.9983,0.01289,0.3887,0.2793,0.3203,0.9977,0.03874,0.0008317,0.1349,0.001855,0.8201,0.9977,0.01559,0.3787,0.2676,0.3047,0.9966,0.04157,0.001297,0.1349,0.001346,0.8646,0.9985,0.01158,0.3917,0.2871,0.3281,0.9981,0.02726,0.0007078,256,7,256,24,6144,3,0.5027,0.04264,0,0.8028,0.9987,0.8646,0.9981,0.2569,0.05078,0.8136,24
29,0.01194,0.002411,0.003829,0.06096,0.009879,0.01014,0.01629,0.05916,0.08043,0.9822,0.4735,1.206,0.0009209,0.6407,0.1351,0.2363,0.293,6144,0,1,1.843e+04,4382,1.405e+04,0.00179,0.8516,0.9984,0.01193,0.3887,0.2793,0.3223,0.9974,0.03613,0.0007956,0.1351,0.003195,0.8587,0.9978,0.01591,0.3786,0.2637,0.3008,0.9963,0.03557,0.001158,0.1351,0.001352,0.8516,0.9986,0.01074,0.3918,0.2891,0.3281,0.9981,0.02662,0.0006709,256,7,256,24,6144,3,0.503,0.04292,0,0.8018,0.9986,0.8587,0.9981,0.2568,0.05273,0.8136,25
30,0.01156,0.002155,0.003827,0.06005,0.009535,0.01014,0.0163,0.05831,0.08036,0.9828,0.4697,1.207,0.0009151,0.631,0.1351,0.2383,0.291,6144,0,1,1.843e+04,4334,1.41e+04,0.001465,0.8576,0.9984,0.01215,0.3889,0.2793,0.3223,0.9972,0.03613,0.0008198,0.1351,0.002307,0.8576,0.9977,0.01689,0.379,0.2656,0.2988,0.9963,0.03464,0.001159,0.1351,0.001206,0.8978,0.9986,0.01039,0.3919,0.291,0.3301,0.9981,0.02702,0.0007022,256,7,256,24,6144,3,0.5031,0.04406,0,0.8097,0.9988,0.8978,0.9981,0.2568,0.05268,0.8136,26
31,0.01075,0.001617,0.003804,0.05794,0.009077,0.009929,0.01631,0.05629,0.07954,0.9836,0.4607,1.209,0.0009091,0.6214,0.1346,0.2363,0.2902,6144,0,1,1.843e+04,4305,1.413e+04,0.001736,0.8599,0.9983,0.01253,0.3883,0.2793,0.3203,0.9976,0.03939,0.0008316,0.1346,0.003252,0.8892,0.9976,0.01599,0.3772,0.2676,0.2988,0.9962,0.0405,0.001195,0.1346,0.001274,0.8599,0.9985,0.01039,0.3916,0.2891,0.3281,0.9985,0.02802,0.0007169,256,7,256,24,6144,3,0.5035,0.04349,0,0.808,0.9987,0.8892,0.9985,0.257,0.05273,0.8136,27
32,0.01231,0.002938,0.003845,0.06027,0.008945,0.01011,0.01633,0.05875,0.08025,0.9839,0.4707,1.204,0.000903,0.6119,0.1354,0.2363,0.2921,6144,0,1,1.843e+04,4304,1.413e+04,0.001519,0.8135,0.9983,0.01161,0.3891,0.2812,0.3223,0.9969,0.03792,0.0008413,0.1354,0.002788,0.8135,0.9975,0.0158,0.3783,0.2676,0.3008,0.9959,0.03758,0.001202,0.1354,0.001133,0.8652,0.9985,0.0106,0.3923,0.2871,0.3301,0.9978,0.02711,0.0007251,256,7,256,24,6144,3,0.5038,0.04343,0,0.803,0.9989,0.8652,0.9978,0.257,0.05078,0.8136,28
33,0.01227,0.002852,0.003871,0.06067,0.00884,0.01006,0.01634,0.05919,0.08017,0.9841,0.473,1.205,0.0008966,0.6026,0.1352,0.2363,0.2921,6144,0,1,1.843e+04,4303,1.413e+04,0.001628,0.8101,0.9983,0.01212,0.3888,0.2799,0.3203,0.9971,0.03874,0.0008394,0.1352,0.002789,0.8701,0.9976,0.01569,0.3784,0.2637,0.3029,0.9966,0.0374,0.001105,0.1352,0.001274,0.8101,0.9985,0.01099,0.392,0.2871,0.3281,0.9978,0.02792,0.0007231,256,7,256,24,6144,3,0.5025,0.04354,0,0.8039,0.9987,0.8701,0.9978,0.2568,0.05078,0.8136,29
34,0.01208,0.00275,0.003873,0.06005,0.0086,0.009975,0.01636,0.05863,0.07979,0.9845,0.4704,1.204,0.0008901,0.5934,0.135,0.2383,0.2949,6144,0,1,1.843e+04,4249,1.418e+04,0.001519,0.8462,0.9984,0.01275,0.3889,0.2793,0.3203,0.9969,0.03727,0.0008237,0.135,0.002824,0.8921,0.9976,0.01723,0.3781,0.2617,0.3008,0.9962,0.03544,0.001123,0.135,0.001128,0.8462,0.9986,0.01092,0.3921,0.2891,0.3281,0.9978,0.02688,0.0006876,256,7,256,24,6144,3,0.5038,0.04314,0,0.8084,0.9989,0.8921,0.9978,0.2571,0.05078,0.8136,30
35,0.01205,0.00275,0.003878,0.05996,0.008427,0.009979,0.0163,0.05861,0.07987,0.9848,0.4702,1.205,0.0008834,0.5843,0.1351,0.2383,0.2941,6144,0,1,1.843e+04,4338,1.409e+04,0.001519,0.8517,0.9984,0.01237,0.3886,0.2793,0.3203,0.9974,0.03809,0.0008266,0.1351,0.003227,0.8517,0.9976,0.01547,0.378,0.2624,0.3027,0.9978,0.04109,0.001182,0.1351,0.0009933,0.8517,0.9986,0.01073,0.3919,0.291,0.3281,0.9978,0.02696,0.0007016,256,7,256,24,6144,3,0.5026,0.04404,0,0.8005,0.999,0.8517,0.9978,0.2568,0.05273,0.8136,31
36,0.01181,0.002585,0.00387,0.05936,0.00821,0.01007,0.01633,0.05805,0.08018,0.9852,0.4676,1.205,0.0008766,0.5754,0.1353,0.2383,0.291,6144,0,1,1.843e+04,4325,1.411e+04,0.001411,0.8569,0.9984,0.01287,0.3887,0.2793,0.3194,0.9972,0.0389,0.000843,0.1353,0.003699,0.8674,0.9975,0.01767,0.3781,0.2598,0.3008,0.9966,0.03822,0.001194,0.1353,0.0007089,0.8569,0.9986,0.01037,0.3919,0.2891,0.3281,0.9981,0.02876,0.0007204,256,7,256,24,6144,3,0.5024,0.04451,0,0.8036,0.9993,0.8674,0.9981,0.2566,0.05078,0.8136,32
37,0.01174,0.002561,0.00389,0.05906,0.007984,0.01002,0.01637,0.0578,0.07999,0.9856,0.4662,1.205,0.0008696,0.5667,0.1353,0.2363,0.293,6144,0,1,1.843e+04,4277,1.416e+04,0.001302,0.8361,0.9984,0.01228,0.3887,0.2812,0.3203,0.9967,0.03971,0.0008386,0.1353,0.003273,0.8361,0.9976,0.01641,0.378,0.2598,0.3008,0.9959,0.03842,0.001263,0.1353,0.0007065,0.8714,0.9987,0.01057,0.392,0.2891,0.3262,0.9978,0.02982,0.000697,256,7,256,24,6144,3,0.5017,0.04355,0,0.8046,0.9993,0.8714,0.9978,0.2566,0.05273,0.8136,33
38,0.01166,0.002542,0.003872,0.05874,0.007818,0.009777,0.01632,0.05752,0.07896,0.9859,0.4651,1.205,0.0008624,0.558,0.1353,0.2383,0.293,6144,0,1,1.843e+04,4315,1.412e+04,0.001736,0.8169,0.9984,0.01133,0.3891,0.2812,0.3203,0.9972,0.03939,0.0008357,0.1353,0.004171,0.8169,0.9976,0.01555,0.3784,0.26,0.3027,0.9963,0.04001,0.001261,0.1353,0.0009917,0.873,0.9986,0.0104,0.3924,0.291,0.3281,0.9981,0.02791,0.000696,256,7,256,24,6144,3,0.5027,0.04254,0,0.8049,0.999,0.873,0.9981,0.2571,0.05273,0.8136,34
39,0.01159,0.00252,0.003869,0.05846,0.007618,0.009924,0.01634,0.05729,0.07957,0.9863,0.464,1.204,0.000855,0.5495,0.1355,0.2383,0.2949,6144,0,1,1.843e+04,4274,1.416e+04,0.001519,0.8035,0.9984,0.01339,0.3886,0.2793,0.3184,0.9972,0.04004,0.0008229,0.1355,0.003276,0.8678,0.9975,0.01669,0.3775,0.2617,0.3027,0.9962,0.04037,0.001295,0.1355,0.0009888,0.8035,0.9986,0.01154,0.392,0.2832,0.3281,0.998,0.03012,0.0006925,256,7,256,24,6144,3,0.5031,0.04485,0,0.803,0.999,0.8678,0.998,0.2565,0.04492,0.8136,35
40,0.01143,0.002417,0.003879,0.05806,0.007418,0.009977,0.0164,0.05693,0.07985,0.9866,0.4621,1.205,0.0008475,0.5412,0.1352,0.2363,0.291,6144,0,1,1.843e+04,4253,1.418e+04,0.001085,0.8358,0.9984,0.01198,0.3891,0.2812,0.3203,0.9974,0.03923,0.00082,0.1352,0.001881,0.8433,0.9977,0.0174,0.3786,0.2637,0.3027,0.9966,0.04168,0.001222,0.1352,0.0008463,0.8358,0.9986,0.01059,0.3922,0.2891,0.3281,0.998,0.02769,0.0006888,256,7,256,24,6144,3,0.5037,0.04399,0,0.7989,0.9992,0.8433,0.998,0.257,0.05273,0.8136,36
41,0.01136,0.00238,0.003881,0.05784,0.007241,0.00997,0.01636,0.05677,0.07973,0.987,0.4614,1.204,0.0008399,0.5329,0.1355,0.2383,0.291,6144,0,1,1.843e+04,4279,1.415e+04,0.001628,0.8112,0.9983,0.01282,0.3888,0.2773,0.3203,0.9974,0.0389,0.0008457,0.1355,0.004207,0.8112,0.9975,0.01812,0.3782,0.2578,0.3027,0.9962,0.04228,0.001314,0.1355,0.0008479,0.8784,0.9986,0.01141,0.392,0.2852,0.3262,0.9983,0.02738,0.0006888,256,7,256,24,6144,3,0.5027,0.04376,0,0.8054,0.9992,0.8784,0.9983,0.2565,0.04688,0.8136,37
42,0.01129,0.00236,0.003896,0.0575,0.007076,0.009851,0.0164,0.05646,0.0792,0.9873,0.4599,1.205,0.000832,0.5248,0.1353,0.2383,0.2902,6144,0,1,1.843e+04,4229,1.42e+04,0.001194,0.7935,0.9983,0.0122,0.3893,0.2793,0.3203,0.9971,0.03809,0.0008376,0.1353,0.003783,0.7935,0.9975,0.01719,0.3785,0.2578,0.3008,0.9969,0.03985,0.001292,0.1353,0.0004224,0.8236,0.9985,0.01111,0.3925,0.2852,0.3281,0.9978,0.02753,0.000694,256,7,256,24,6144,3,0.503,0.04245,0,0.7946,0.9996,0.8236,0.9978,0.2573,0.04688,0.8136,38
43,0.01106,0.00217,0.003891,0.05726,0.006906,0.01,0.01634,0.05627,0.07984,0.9876,0.459,1.205,0.0008241,0.5168,0.135,0.238,0.2891,6144,0,1,1.843e+04,4267,1.416e+04,0.001682,0.8761,0.9982,0.01226,0.3887,0.2793,0.3203,0.9977,0.03874,0.0008328,0.135,0.00375,0.8862,0.9974,0.01763,0.3781,0.2578,0.2988,0.9962,0.04142,0.001224,0.135,0.001059,0.8761,0.9984,0.01068,0.3919,0.2871,0.3266,0.9985,0.02739,0.0007002,256,7,256,24,6144,3,0.5032,0.04466,0,0.8071,0.9989,0.8862,0.9985,0.2568,0.04912,0.8136,39
44,0.01109,0.002249,0.003888,0.05694,0.006735,0.009984,0.01637,0.05598,0.07981,0.9879,0.4572,1.205,0.000816,0.5089,0.1351,0.2363,0.291,6144,0,1,1.843e+04,4318,1.411e+04,0.001194,0.8796,0.9983,0.01244,0.389,0.2793,0.3203,0.9974,0.03727,0.0008175,0.1351,0.003242,0.8952,0.9976,0.01634,0.3787,0.2546,0.3027,0.9962,0.04129,0.001219,0.1351,0.0005668,0.8796,0.9986,0.01029,0.3921,0.2891,0.3281,0.9983,0.02519,0.0006936,256,7,256,24,6144,3,0.5021,0.04382,0,0.8095,0.9994,0.8952,0.9983,0.257,0.05273,0.8136,40
45,0.01098,0.00219,0.003899,0.05656,0.006552,0.009871,0.01637,0.05564,0.07935,0.9882,0.4556,1.205,0.0008077,0.5012,0.1353,0.2363,0.2941,6144,0,1,1.843e+04,4255,1.418e+04,0.001519,0.8625,0.9983,0.01308,0.389,0.2754,0.3203,0.9969,0.03776,0.0008337,0.1353,0.00282,0.8625,0.9974,0.01888,0.3783,0.252,0.3047,0.9962,0.03807,0.001202,0.1353,0.001129,0.8896,0.9985,0.01084,0.3922,0.2871,0.3281,0.9978,0.02749,0.0007084,256,7,256,24,6144,3,0.502,0.04393,0,0.8079,0.9989,0.8896,0.9978,0.2569,0.05078,0.8136,41
46,0.01089,0.002161,0.003895,0.05621,0.006385,0.009852,0.01635,0.05532,0.07931,0.9885,0.4542,1.205,0.0007994,0.4936,0.1354,0.2363,0.291,6144,0,1,1.843e+04,4321,1.411e+04,0.001736,0.8579,0.9983,0.01244,0.3891,0.2793,0.3223,0.9976,0.0376,0.0008275,0.1354,0.004166,0.8849,0.9975,0.0164,0.3785,0.2617,0.3047,0.9963,0.03889,0.001217,0.1354,0.0009921,0.8579,0.9985,0.01136,0.3923,0.2871,0.3281,0.9985,0.02742,0.0007118,256,7,256,24,6144,3,0.503,0.04389,0,0.8071,0.999,0.8849,0.9985,0.257,0.05078,0.8136,42
47,0.01097,0.002245,0.003912,0.05612,0.006259,0.009944,0.0164,0.05527,0.07965,0.9887,0.4538,1.205,0.0007908,0.486,0.1352,0.2383,0.291,6144,0,1,1.843e+04,4369,1.406e+04,0.001411,0.842,0.9984,0.01237,0.3894,0.2812,0.3203,0.9972,0.03776,0.0008252,0.1352,0.002747,0.842,0.9976,0.01664,0.3795,0.2624,0.3027,0.9963,0.03653,0.001126,0.1352,0.0009955,0.8708,0.9986,0.01049,0.3924,0.2891,0.3262,0.998,0.02843,0.0007077,256,7,256,24,6144,3,0.5035,0.04269,0,0.8042,0.999,0.8708,0.998,0.2572,0.05078,0.8136,43
48,0.01074,0.002093,0.003907,0.05557,0.006088,0.009862,0.01638,0.05475,0.07936,0.989,0.4514,1.205,0.0007822,0.4786,0.1354,0.2363,0.291,6144,0,1,1.843e+04,4290,1.414e+04,0.001411,0.8411,0.9984,0.01203,0.3895,0.2812,0.3214,0.9969,0.03809,0.000851,0.1354,0.002797,0.8411,0.9976,0.01584,0.379,0.2578,0.3027,0.9959,0.03779,0.001255,0.1354,0.00099,0.8555,0.9986,0.01068,0.3927,0.2871,0.3281,0.9981,0.02805,0.0007115,256,7,256,24,6144,3,0.5034,0.04308,0,0.8012,0.999,0.8555,0.9981,0.2572,0.05078,0.8136,44
49,0.01062,0.00201,0.003917,0.05527,0.005952,0.009864,0.01637,0.05448,0.07933,0.9893,0.45,1.205,0.0007734,0.4713,0.1359,0.2383,0.293,6144,0,1,1.843e+04,4303,1.413e+04,0.001411,0.8548,0.9983,0.01265,0.3895,0.2799,0.3223,0.9974,0.03857,0.0008554,0.1359,0.002324,0.861,0.9976,0.01615,0.3796,0.2637,0.3029,0.9978,0.03768,0.001196,0.1359,0.001132,0.8548,0.9985,0.01131,0.3926,0.2891,0.3281,0.9976,0.02801,0.0007073,256,7,256,24,6144,3,0.5027,0.04261,0,0.8021,0.9989,0.861,0.9978,0.2567,0.05078,0.8136,45
50,0.01064,0.002069,0.003914,0.05508,0.005803,0.009796,0.01641,0.05432,0.07904,0.9896,0.449,1.205,0.0007645,0.4642,0.1356,0.2383,0.291,6144,0,1,1.843e+04,4333,1.41e+04,0.001302,0.8709,0.9984,0.01237,0.3893,0.2793,0.3203,0.9976,0.04004,0.0008369,0.1356,0.002308,0.8709,0.9977,0.016,0.379,0.2643,0.302,0.9974,0.03938,0.001167,0.1356,0.000993,0.8923,0.9986,0.01068,0.3924,0.2871,0.3281,0.9983,0.02876,0.0006983,256,7,256,24,6144,3,0.5028,0.04214,0,0.8083,0.999,0.8923,0.9983,0.2568,0.04883,0.8136,46
51,0.0105,0.001983,0.00391,0.05468,0.00568,0.009952,0.01641,0.05395,0.0796,0.9898,0.4471,1.205,0.0007555,0.4571,0.1354,0.2383,0.291,6144,0,1,1.843e+04,4340,1.409e+04,0.001628,0.8044,0.9983,0.01219,0.3889,0.2779,0.3184,0.9971,0.03971,0.0008645,0.1354,0.004147,0.8667,0.9975,0.01687,0.3782,0.2542,0.3027,0.9967,0.04113,0.001275,0.1354,0.0008515,0.8044,0.9985,0.01104,0.3922,0.2871,0.3281,0.998,0.02805,0.000725,256,7,256,24,6144,3,0.5027,0.04351,0,0.8032,0.9991,0.8667,0.998,0.2567,0.04883,0.8136,47
52,0.01054,0.002027,0.003904,0.05476,0.005588,0.009889,0.01641,0.05405,0.07942,0.9899,0.4475,1.205,0.0007464,0.4501,0.1355,0.2363,0.291,6144,0,1,1.843e+04,4366,1.407e+04,0.001628,0.7941,0.9982,0.01205,0.3888,0.2793,0.3203,0.9976,0.03646,0.0008525,0.1355,0.003665,0.8698,0.9974,0.01548,0.3785,0.2598,0.3047,0.9967,0.03731,0.001266,0.1355,0.0009953,0.7941,0.9984,0.01056,0.392,0.2891,0.3281,0.998,0.02707,0.0007112,256,7,256,24,6144,3,0.5022,0.04377,0,0.8041,0.999,0.8698,0.998,0.2565,0.05273,0.8136,48
53,0.01038,0.001937,0.003905,0.05414,0.005436,0.009941,0.01645,0.05347,0.07959,0.9902,0.4447,1.205,0.0007372,0.4433,0.1359,0.2383,0.2921,6144,0,1,1.843e+04,4365,1.407e+04,0.001736,0.8363,0.9981,0.01179,0.3891,0.2793,0.3203,0.9974,0.03825,0.0008442,0.1359,0.004124,0.8841,0.9974,0.0175,0.3788,0.2571,0.3027,0.9956,0.03873,0.001265,0.1359,0.0009952,0.8363,0.9984,0.01023,0.3924,0.2891,0.3281,0.9981,0.02775,0.000701,256,7,256,24,6144,3,0.503,0.04248,0,0.8068,0.999,0.8841,0.9981,0.2565,0.05078,0.8136,49
54,0.01034,0.001929,0.003909,0.05404,0.005302,0.009827,0.01641,0.05338,0.07916,0.9905,0.4442,1.205,0.0007279,0.4365,0.1359,0.2363,0.291,6144,0,1,1.843e+04,4439,1.399e+04,0.001736,0.8213,0.9982,0.01298,0.389,0.2773,0.3223,0.9976,0.0363,0.0008594,0.1359,0.004506,0.8979,0.9974,0.0165,0.3791,0.2578,0.3008,0.9967,0.03772,0.001239,0.1359,0.0008576,0.8213,0.9984,0.01082,0.3922,0.2871,0.3281,0.9979,0.02619,0.0007185,256,7,256,24,6144,3,0.5022,0.04282,0,0.8096,0.9991,0.8979,0.9979,0.2563,0.05078,0.8136,50
55,0.0102,0.001857,0.003903,0.05347,0.005183,0.009899,0.01646,0.05284,0.07947,0.9907,0.4414,1.205,0.0007184,0.4299,0.1356,0.2383,0.293,6144,0,1,1.843e+04,4314,1.412e+04,0.001411,0.8796,0.9983,0.013,0.3893,0.2793,0.3223,0.9974,0.03874,0.0008502,0.1356,0.003245,0.8796,0.9975,0.01711,0.3789,0.2581,0.3047,0.9974,0.03619,0.001142,0.1356,0.00085,0.9146,0.9985,0.01036,0.3924,0.2891,0.3281,0.9976,0.02938,0.0007208,256,7,256,24,6144,3,0.5031,0.04205,0,0.8129,0.9992,0.9146,0.9976,0.2568,0.05078,0.8136,51
56,0.01014,0.001819,0.003898,0.05344,0.005064,0.009865,0.01641,0.05283,0.07933,0.9909,0.4413,1.205,0.0007089,0.4233,0.1357,0.2383,0.2941,6144,0,1,1.843e+04,4284,1.415e+04,0.001736,0.8413,0.9983,0.01297,0.389,0.2793,0.3203,0.9974,0.03809,0.0008469,0.1357,0.003735,0.8413,0.9974,0.01659,0.3786,0.2598,0.3011,0.9974,0.03719,0.00129,0.1357,0.001131,0.9033,0.9985,0.01108,0.3922,0.2871,0.3281,0.9976,0.02862,0.0007335,256,7,256,24,6144,3,0.5029,0.04326,0,0.8103,0.9989,0.9033,0.9976,0.2565,0.04883,0.8136,52
57,0.01011,0.001841,0.003902,0.053,0.00495,0.009797,0.01644,0.0524,0.07903,0.9911,0.4389,1.205,0.0006993,0.4169,0.1358,0.2383,0.2952,6144,0,1,1.843e+04,4269,1.416e+04,0.001519,0.8434,0.9985,0.01267,0.3896,0.2812,0.3223,0.9977,0.03792,0.0008272,0.1358,0.003748,0.8934,0.9977,0.01766,0.3797,0.2598,0.3027,0.9959,0.03904,0.001269,0.1358,0.0008473,0.8434,0.9987,0.01072,0.3927,0.2903,0.3281,0.9986,0.02684,0.0006912,256,7,256,24,6144,3,0.5037,0.04351,0,0.809,0.9992,0.8934,0.9986,0.2568,0.05199,0.8136,53
58,0.01007,0.001816,0.003909,0.05289,0.004838,0.009848,0.01644,0.05232,0.07922,0.9913,0.4385,1.205,0.0006896,0.4105,0.1358,0.2402,0.293,6144,0,1,1.843e+04,4314,1.412e+04,0.001302,0.8555,0.9984,0.01213,0.3894,0.2812,0.3223,0.9979,0.03825,0.0008258,0.1358,0.003245,0.8836,0.9976,0.01704,0.3794,0.2617,0.3008,0.9967,0.03788,0.001254,0.1358,0.0007083,0.8555,0.9986,0.0107,0.3924,0.2891,0.3281,0.9985,0.02808,0.000716,256,7,256,24,6144,3,0.5026,0.04324,0,0.8067,0.9993,0.8836,0.9985,0.2566,0.04883,0.8136,54
59,0.009995,0.001764,0.003911,0.05278,0.004722,0.009802,0.01645,0.05223,0.07899,0.9915,0.4379,1.205,0.0006798,0.4043,0.1361,0.2383,0.2949,6144,0,1,1.843e+04,4301,1.413e+04,0.001085,0.8771,0.9984,0.01315,0.3895,0.2773,0.3223,0.9977,0.0389,0.0008411,0.1361,0.00279,0.9036,0.9976,0.01891,0.379,0.2598,0.3027,0.9963,0.04294,0.001232,0.1361,0.0005661,0.8771,0.9986,0.01142,0.3927,0.2891,0.3281,0.9985,0.0272,0.0007157,256,7,256,24,6144,3,0.5029,0.04284,0,0.811,0.9994,0.9036,0.9985,0.2566,0.05078,0.8136,55
60,0.009839,0.001693,0.003906,0.05208,0.004594,0.009773,0.01651,0.05156,0.07897,0.9917,0.4345,1.205,0.0006699,0.3981,0.1356,0.2383,0.2949,6144,0,1,1.843e+04,4375,1.406e+04,0.001411,0.8792,0.9983,0.01326,0.3894,0.2773,0.3223,0.9966,0.03727,0.000845,0.1356,0.0032,0.9048,0.9976,0.01644,0.3796,0.2617,0.3047,0.996,0.03666,0.001152,0.1356,0.0008537,0.8792,0.9985,0.01157,0.3924,0.2852,0.3281,0.9974,0.02679,0.0007231,256,7,256,24,6144,3,0.5028,0.04414,0,0.8106,0.9991,0.9048,0.9974,0.2568,0.04688,0.8136,56
61,0.009766,0.00165,0.003908,0.05186,0.004493,0.009869,0.0165,0.05135,0.07935,0.9919,0.4332,1.205,0.00066,0.392,0.1358,0.2383,0.2949,6144,0,1,1.843e+04,4316,1.412e+04,0.001194,0.8805,0.9983,0.0136,0.3893,0.2773,0.3203,0.9974,0.03906,0.0008566,0.1358,0.00278,0.8805,0.9975,0.01863,0.3792,0.2604,0.3027,0.997,0.03835,0.001193,0.1358,0.0007084,0.8994,0.9985,0.0114,0.3924,0.2871,0.3281,0.9978,0.02822,0.0007302,256,7,256,24,6144,3,0.503,0.04313,0,0.8098,0.9993,0.8994,0.9978,0.2566,0.04883,0.8136,57
62,0.009801,0.0017,0.00391,0.0518,0.004405,0.009804,0.01648,0.05131,0.07901,0.9921,0.433,1.205,0.00065,0.3861,0.1359,0.2383,0.2949,6144,0,1,1.843e+04,4332,1.41e+04,0.001628,0.848,0.9984,0.01289,0.3896,0.2793,0.3203,0.9974,0.04036,0.0008303,0.1359,0.003693,0.848,0.9976,0.0169,0.3796,0.2617,0.3047,0.9967,0.04211,0.001189,0.1359,0.0009929,0.8618,0.9986,0.01139,0.3926,0.2891,0.3281,0.9981,0.02858,0.0007006,256,7,256,24,6144,3,0.5035,0.04327,0,0.8024,0.999,0.8618,0.9981,0.2567,0.05078,0.8136,58
63,0.009827,0.001738,0.003922,0.05173,0.004299,0.009776,0.01646,0.05126,0.07895,0.9923,0.4327,1.205,0.0006399,0.3802,0.1359,0.238,0.293,6144,0,1,1.843e+04,4270,1.416e+04,0.001411,0.856,0.9983,0.01266,0.3895,0.2773,0.3223,0.9967,0.03743,0.0008333,0.1359,0.003279,0.856,0.9975,0.01771,0.3788,0.2598,0.3047,0.9959,0.03697,0.001199,0.1359,0.0008473,0.8732,0.9986,0.01088,0.3927,0.2871,0.3301,0.9978,0.02844,0.0007104,256,7,256,24,6144,3,0.5036,0.04334,0,0.8045,0.9992,0.8732,0.9978,0.2568,0.04912,0.8136,59
64,0.009707,0.001654,0.003914,0.05147,0.004215,0.009906,0.01648,0.05101,0.07945,0.9924,0.4313,1.205,0.0006297,0.3744,0.1359,0.2363,0.291,6144,0,1,1.843e+04,4355,1.408e+04,0.001194,0.8691,0.9983,0.01279,0.3891,0.2793,0.3203,0.9969,0.03792,0.0008255,0.1359,0.002755,0.8691,0.9975,0.01683,0.3792,0.2578,0.3041,0.9963,0.0386,0.001173,0.1359,0.0007104,0.9001,0.9985,0.01095,0.3922,0.2871,0.3281,0.9976,0.02816,0.0007189,256,7,256,24,6144,3,0.5037,0.04354,0,0.81,0.9993,0.9001,0.9976,0.2563,0.05078,0.8136,60
65,0.009653,0.001641,0.003914,0.05118,0.004123,0.009781,0.01647,0.05074,0.07901,0.9926,0.43,1.205,0.0006195,0.3687,0.1355,0.2363,0.2921,6144,0,1,1.843e+04,4332,1.41e+04,0.001302,0.8498,0.9983,0.01329,0.3891,0.2773,0.3223,0.9974,0.03499,0.0008262,0.1355,0.00277,0.8498,0.9976,0.01725,0.3788,0.2598,0.3027,0.9959,0.03627,0.001174,0.1355,0.0008511,0.875,0.9986,0.0109,0.3922,0.2891,0.3281,0.9981,0.02553,0.0007118,256,7,256,24,6144,3,0.5035,0.04425,0,0.8053,0.9991,0.875,0.9981,0.2567,0.05273,0.8136,61
66,0.009563,0.001591,0.00391,0.05087,0.00403,0.009853,0.01651,0.05044,0.07925,0.9928,0.4284,1.205,0.0006093,0.3631,0.1357,0.2383,0.296,6144,0,1,1.843e+04,4401,1.403e+04,0.001302,0.8413,0.9983,0.01278,0.3892,0.2773,0.3203,0.9967,0.03971,0.0008419,0.1357,0.003181,0.874,0.9976,0.01631,0.3795,0.2617,0.3027,0.996,0.03839,0.001122,0.1357,0.0007127,0.8413,0.9985,0.01124,0.3923,0.2871,0.3262,0.9973,0.02982,0.0007471,256,7,256,24,6144,3,0.5033,0.04353,0,0.8046,0.9993,0.874,0.9973,0.2565,0.04883,0.8136,62
67,0.009427,0.001497,0.00391,0.05054,0.003935,0.009879,0.01649,0.05012,0.07938,0.9929,0.4266,1.205,0.000599,0.3576,0.1359,0.2383,0.291,6144,0,1,1.843e+04,4403,1.403e+04,0.001736,0.8205,0.9985,0.01311,0.3891,0.2773,0.3184,0.9974,0.04036,0.0008226,0.1359,0.004542,0.9118,0.9977,0.01672,0.3792,0.2578,0.3047,0.9964,0.03751,0.001148,0.1359,0.0008554,0.8205,0.9987,0.01103,0.3922,0.2852,0.3262,0.9985,0.02994,0.0006945,256,7,256,24,6144,3,0.5038,0.0437,0,0.8121,0.9991,0.9118,0.9985,0.2563,0.04688,0.8136,63
68,0.009411,0.001525,0.003918,0.05014,0.003849,0.009871,0.01651,0.04974,0.07934,0.9931,0.4243,1.205,0.0005887,0.3521,0.1357,0.2383,0.2949,6144,0,1,1.843e+04,4359,1.407e+04,0.00179,0.8037,0.9983,0.01228,0.3891,0.2793,0.3203,0.9969,0.03971,0.000832,0.1357,0.004129,0.9025,0.9976,0.01716,0.3789,0.2589,0.3047,0.9956,0.0384,0.001169,0.1357,0.001066,0.8037,0.9986,0.01098,0.3922,0.2891,0.3281,0.9981,0.02979,0.0006948,256,7,256,24,6144,3,0.5037,0.04336,0,0.8105,0.9989,0.9025,0.9981,0.2565,0.05078,0.8136,64
69,0.009403,0.001527,0.00393,0.05007,0.00376,0.009863,0.01654,0.04968,0.07935,0.9932,0.4238,1.205,0.0005783,0.3467,0.1357,0.2363,0.2949,6144,0,1,1.843e+04,4385,1.405e+04,0.00179,0.8682,0.9983,0.01221,0.389,0.2773,0.3203,0.9977,0.0402,0.0008254,0.1357,0.002737,0.8682,0.9976,0.01823,0.3793,0.2575,0.3027,0.9967,0.03869,0.001134,0.1357,0.001495,0.8755,0.9986,0.01073,0.392,0.2891,0.3281,0.9983,0.03,0.000706,256,7,256,24,6144,3,0.5035,0.04404,0,0.8051,0.9985,0.8755,0.9983,0.2563,0.05273,0.8136,65
70,0.009245,0.001447,0.003922,0.04941,0.003665,0.009913,0.01659,0.04902,0.07953,0.9934,0.4207,1.206,0.0005679,0.3415,0.1358,0.2363,0.2952,6144,0,1,1.843e+04,4368,1.406e+04,0.001736,0.8275,0.9983,0.01256,0.3893,0.2793,0.3223,0.9971,0.04053,0.0008308,0.1358,0.004121,0.8698,0.9976,0.01805,0.3794,0.2572,0.3047,0.9967,0.03785,0.00112,0.1358,0.0009954,0.8275,0.9986,0.01062,0.3924,0.2891,0.3281,0.9978,0.02965,0.000685,256,7,256,24,6144,3,0.5038,0.04277,0,0.8041,0.999,0.8698,0.9978,0.2566,0.05273,0.8136,66
71,0.009259,0.001455,0.003929,0.04952,0.003602,0.009865,0.01652,0.04915,0.07931,0.9935,0.4213,1.206,0.0005574,0.3363,0.1358,0.2383,0.2921,6144,0,1,1.843e+04,4352,1.408e+04,0.00179,0.8039,0.9984,0.01261,0.3892,0.2793,0.3223,0.9976,0.03988,0.0008151,0.1358,0.004136,0.8853,0.9977,0.01705,0.379,0.2569,0.3027,0.9963,0.03701,0.001167,0.1358,0.001065,0.8039,0.9987,0.01072,0.3923,0.2871,0.3281,0.9983,0.02981,0.0006687,256,7,256,24,6144,3,0.5035,0.04375,0,0.8069,0.9989,0.8853,0.9983,0.2566,0.04883,0.8136,67
72,0.00924,0.001473,0.003931,0.04924,0.003511,0.009801,0.0165,0.0489,0.07904,0.9937,0.4199,1.206,0.000547,0.3311,0.1359,0.238,0.2949,6144,0,1,1.843e+04,4364,1.407e+04,0.001736,0.8395,0.9984,0.01313,0.3894,0.2812,0.3223,0.9972,0.03857,0.0008295,0.1359,0.003666,0.8774,0.9977,0.01701,0.3792,0.259,0.3047,0.9967,0.03972,0.00117,0.1359,0.001137,0.8395,0.9986,0.01162,0.3926,0.2891,0.3281,0.998,0.02809,0.0006913,256,7,256,24,6144,3,0.5036,0.04314,0,0.8054,0.9989,0.8774,0.998,0.2567,0.05107,0.8136,68
73,0.009174,0.001435,0.00393,0.04902,0.003436,0.009824,0.01657,0.04869,0.07921,0.9938,0.4186,1.206,0.0005365,0.3261,0.1359,0.2383,0.2949,6144,0,1,1.843e+04,4318,1.411e+04,0.001845,0.7524,0.9984,0.0127,0.3893,0.2812,0.3223,0.998,0.03792,0.000826,0.1359,0.003242,0.8504,0.9977,0.01679,0.3787,0.2617,0.3008,0.997,0.03916,0.001125,0.1359,0.001417,0.7524,0.9986,0.01112,0.3925,0.2891,0.3281,0.9985,0.02812,0.0007001,256,7,256,24,6144,3,0.5037,0.04315,0,0.8,0.9986,0.8504,0.9985,0.2566,0.05078,0.8136,69
74,0.009121,0.001402,0.003936,0.04886,0.003379,0.009805,0.01655,0.04853,0.07906,0.9939,0.4178,1.205,0.000526,0.3211,0.136,0.2363,0.2941,6144,0,1,1.843e+04,4316,1.412e+04,0.001736,0.8589,0.9983,0.01305,0.3895,0.2793,0.3203,0.9979,0.03923,0.0008158,0.136,0.004171,0.8763,0.9975,0.0175,0.3793,0.2617,0.3008,0.997,0.03956,0.00116,0.136,0.0009918,0.8589,0.9986,0.01085,0.3926,0.2891,0.3262,0.9983,0.02807,0.0006763,256,7,256,24,6144,3,0.5033,0.04246,0,0.8055,0.999,0.8763,0.9983,0.2566,0.05273,0.8136,70
75,0.009121,0.001432,0.003935,0.04863,0.003308,0.009794,0.01657,0.04831,0.07903,0.9941,0.4161,1.206,0.0005155,0.3162,0.1359,0.2363,0.2941,6144,0,1,1.843e+04,4363,1.407e+04,0.001085,0.8587,0.9984,0.01283,0.3893,0.2793,0.3214,0.9977,0.03711,0.0008055,0.1359,0.002292,0.8652,0.9976,0.01661,0.3792,0.2637,0.3008,0.9967,0.03842,0.001156,0.1359,0.0007108,0.8587,0.9986,0.01084,0.3924,0.2891,0.3262,0.9983,0.0267,0.0006713,256,7,256,24,6144,3,0.5034,0.04335,0,0.8034,0.9993,0.8652,0.9983,0.2566,0.05273,0.8136,71
76,0.009103,0.001448,0.003936,0.04833,0.003234,0.009929,0.01658,0.04803,0.07962,0.9942,0.4148,1.205,0.000505,0.3114,0.136,0.2383,0.2949,6144,0,1,1.843e+04,4362,1.407e+04,0.001736,0.8332,0.9983,0.01228,0.3892,0.2793,0.3203,0.9974,0.03971,0.0008438,0.136,0.004127,0.8685,0.9975,0.01601,0.3788,0.2637,0.3047,0.9963,0.04003,0.001169,0.136,0.000995,0.8332,0.9985,0.01073,0.3925,0.2891,0.3281,0.998,0.02868,0.0007123,256,7,256,24,6144,3,0.5026,0.04322,0,0.8037,0.999,0.8685,0.998,0.2565,0.05078,0.8136,72
77,0.008965,0.001335,0.003943,0.04814,0.003159,0.009868,0.01658,0.04783,0.07934,0.9943,0.4139,1.205,0.0004945,0.3067,0.1361,0.2363,0.2941,6144,0,1,1.843e+04,4360,1.407e+04,0.001302,0.8198,0.9984,0.01241,0.3895,0.2773,0.3203,0.9977,0.03988,0.0008307,0.1361,0.002294,0.8647,0.9977,0.01718,0.3794,0.2609,0.3047,0.997,0.03815,0.001146,0.1361,0.0009949,0.8198,0.9986,0.01091,0.3927,0.2891,0.3281,0.9981,0.02978,0.0007005,256,7,256,24,6144,3,0.5029,0.0426,0,0.8032,0.999,0.8647,0.9981,0.2566,0.05273,0.8136,73
78,0.008918,0.001335,0.003941,0.04779,0.003078,0.009766,0.01653,0.0475,0.0789,0.9945,0.4116,1.206,0.000484,0.302,0.1361,0.238,0.2969,6144,0,1,1.843e+04,4352,1.408e+04,0.001845,0.8521,0.9983,0.01279,0.3895,0.2754,0.3203,0.9974,0.04183,0.0008517,0.1361,0.004136,0.8778,0.9975,0.0176,0.3791,0.2588,0.3027,0.9967,0.03964,0.001157,0.1361,0.001136,0.8521,0.9986,0.01141,0.3927,0.2891,0.3281,0.9981,0.03097,0.0007133,256,7,256,24,6144,3,0.5028,0.04268,0,0.8055,0.9989,0.8778,0.9981,0.2566,0.05107,0.8136,74
79,0.008829,0.001277,0.003939,0.04753,0.003022,0.009794,0.01659,0.04725,0.07903,0.9946,0.4101,1.206,0.0004735,0.2974,0.1359,0.2363,0.291,6144,0,1,1.843e+04,4353,1.408e+04,0.001411,0.8201,0.9984,0.01264,0.3896,0.2773,0.3223,0.9979,0.03841,0.0007951,0.1359,0.003216,0.8752,0.9976,0.01828,0.3792,0.2598,0.3047,0.9967,0.03654,0.001043,0.1359,0.0008523,0.8201,0.9986,0.0107,0.3928,0.2871,0.3281,0.9986,0.02806,0.0006644,256,7,256,24,6144,3,0.5028,0.04311,0,0.8052,0.9991,0.8752,0.9986,0.2569,0.05078,0.8136,75
80,0.008803,0.001289,0.003934,0.04722,0.002952,0.009892,0.01662,0.04695,0.07941,0.9947,0.4084,1.205,0.000463,0.2929,0.136,0.2383,0.293,6144,0,1,1.843e+04,4374,1.406e+04,0.001628,0.8335,0.9983,0.01245,0.3896,0.2773,0.3223,0.9979,0.03809,0.0008316,0.136,0.003658,0.8669,0.9975,0.01702,0.3793,0.2598,0.3027,0.9974,0.03596,0.001174,0.136,0.0009959,0.8335,0.9985,0.0106,0.3927,0.2891,0.3281,0.9983,0.02806,0.0007112,256,7,256,24,6144,3,0.5029,0.04345,0,0.8034,0.999,0.8669,0.9983,0.2567,0.05078,0.8136,76
81,0.008808,0.001303,0.003943,0.04716,0.002897,0.009825,0.01656,0.0469,0.07919,0.9948,0.4083,1.206,0.0004526,0.2884,0.136,0.2363,0.2921,6144,0,1,1.843e+04,4355,1.408e+04,0.001628,0.8607,0.9983,0.01215,0.3894,0.2793,0.3223,0.9979,0.03955,0.0008362,0.136,0.003674,0.8607,0.9975,0.01791,0.3792,0.2617,0.3047,0.997,0.03796,0.001163,0.136,0.0009945,0.867,0.9985,0.0104,0.3925,0.2891,0.3262,0.9981,0.0291,0.0007132,256,7,256,24,6144,3,0.5025,0.04325,0,0.8036,0.999,0.867,0.9981,0.2565,0.05273,0.8136,77
82,0.008699,0.001243,0.003936,0.04675,0.00283,0.009931,0.01658,0.04648,0.07963,0.9949,0.406,1.206,0.0004421,0.284,0.1361,0.2363,0.2941,6144,0,1,1.843e+04,4337,1.41e+04,0.001519,0.8587,0.9983,0.0126,0.3895,0.2793,0.3203,0.9976,0.03939,0.000845,0.1361,0.00415,0.8791,0.9976,0.01768,0.3797,0.2624,0.3023,0.997,0.03829,0.001163,0.1361,0.0007095,0.8587,0.9986,0.01107,0.3925,0.2871,0.3281,0.9981,0.0291,0.0007376,256,7,256,24,6144,3,0.5026,0.04402,0,0.8059,0.9993,0.8791,0.9981,0.2564,0.05078,0.8136,78
83,0.008712,0.001251,0.003938,0.04687,0.002783,0.009797,0.01658,0.04662,0.07904,0.995,0.4062,1.206,0.0004317,0.2797,0.1359,0.2363,0.293,6144,0,1,1.843e+04,4377,1.406e+04,0.001736,0.8534,0.9983,0.01268,0.3891,0.2773,0.3203,0.9979,0.03923,0.0008201,0.1359,0.003655,0.8534,0.9975,0.01785,0.3795,0.2578,0.3027,0.9967,0.03614,0.00115,0.1359,0.001138,0.8534,0.9986,0.01096,0.3921,0.2891,0.3281,0.9985,0.02967,0.0006848,256,7,256,24,6144,3,0.5033,0.04426,0,0.8008,0.9989,0.8534,0.9985,0.2561,0.05273,0.8136,79
84,0.00865,0.001237,0.003936,0.04642,0.00272,0.009985,0.01656,0.04618,0.07975,0.9951,0.4042,1.206,0.0004214,0.2754,0.1359,0.2383,0.291,6144,0,1,1.843e+04,4360,1.407e+04,0.001302,0.8582,0.9983,0.01282,0.3893,0.2793,0.3223,0.998,0.03809,0.0008151,0.1359,0.002752,0.8815,0.9976,0.01671,0.379,0.2609,0.3026,0.9974,0.03779,0.00115,0.1359,0.0008528,0.8582,0.9986,0.01111,0.3925,0.2871,0.3301,0.9983,0.02775,0.0007021,256,7,256,24,6144,3,0.503,0.04399,0,0.8062,0.9991,0.8815,0.9983,0.2565,0.04883,0.8136,80
85,0.008645,0.00124,0.00394,0.04639,0.002664,0.009843,0.01662,0.04616,0.07925,0.9952,0.4037,1.206,0.000411,0.2712,0.136,0.238,0.2891,6144,0,1,1.843e+04,4362,1.407e+04,0.00217,0.8444,0.9984,0.01264,0.3891,0.2773,0.3203,0.9982,0.03955,0.0008041,0.136,0.004127,0.8691,0.9976,0.01726,0.3788,0.2578,0.3047,0.997,0.03882,0.001142,0.136,0.001564,0.8444,0.9986,0.01048,0.3923,0.2871,0.3262,0.9986,0.02821,0.000675,256,7,256,24,6144,3,0.5029,0.04359,0,0.8035,0.9984,0.8691,0.9986,0.2563,0.04912,0.8136,81
86,0.008586,0.001209,0.003945,0.04614,0.002609,0.009824,0.01664,0.04592,0.07918,0.9953,0.4024,1.205,0.0004007,0.2671,0.136,0.2383,0.2891,6144,0,1,1.843e+04,4401,1.403e+04,0.001736,0.8516,0.9984,0.01178,0.3893,0.2793,0.3223,0.9984,0.0389,0.0008019,0.136,0.00409,0.8874,0.9977,0.01735,0.3796,0.2617,0.3047,0.9974,0.03784,0.001186,0.136,0.0009978,0.8516,0.9986,0.009741,0.3924,0.291,0.3281,0.9986,0.02892,0.0006637,256,7,256,24,6144,3,0.5029,0.04342,0,0.8077,0.999,0.8874,0.9986,0.2564,0.05273,0.8136,82
87,0.008596,0.001257,0.003942,0.04582,0.002554,0.009872,0.01665,0.0456,0.07934,0.9954,0.4006,1.205,0.0003905,0.263,0.1362,0.2383,0.291,6144,0,1,1.843e+04,4380,1.405e+04,0.001519,0.8451,0.9983,0.01195,0.3897,0.2812,0.3223,0.9977,0.03825,0.0008341,0.1362,0.003196,0.8451,0.9976,0.0166,0.3797,0.2633,0.3066,0.9971,0.03711,0.001209,0.1362,0.0009963,0.8524,0.9986,0.01014,0.3928,0.291,0.3281,0.9981,0.02823,0.0006998,256,7,256,24,6144,3,0.5034,0.04317,0,0.8007,0.999,0.8524,0.9981,0.2567,0.05273,0.8136,83
88,0.008522,0.001211,0.003946,0.04561,0.002492,0.009824,0.01657,0.0454,0.07915,0.9955,0.3995,1.206,0.0003803,0.259,0.1359,0.2383,0.291,6144,0,1,1.843e+04,4371,1.406e+04,0.001519,0.8462,0.9983,0.01257,0.3896,0.2773,0.3203,0.9984,0.03792,0.0008042,0.1359,0.004576,0.8462,0.9975,0.01831,0.3794,0.2637,0.3047,0.9974,0.03646,0.001133,0.1359,0.0005689,0.8939,0.9986,0.01039,0.3928,0.2891,0.3262,0.9986,0.02793,0.0006839,256,7,256,24,6144,3,0.5033,0.04263,0,0.8091,0.9994,0.8939,0.9986,0.2569,0.05078,0.8136,84
89,0.008476,0.001168,0.003954,0.04554,0.002449,0.009917,0.01667,0.04534,0.07951,0.9956,0.3989,1.206,0.0003701,0.2551,0.1359,0.2383,0.2921,6144,0,1,1.843e+04,4376,1.406e+04,0.001628,0.8657,0.9983,0.01231,0.3893,0.2812,0.3203,0.9979,0.03825,0.0008387,0.1359,0.005027,0.8657,0.9975,0.01725,0.3791,0.2598,0.3027,0.9963,0.03657,0.00121,0.1359,0.0005692,0.9009,0.9985,0.01048,0.3925,0.2891,0.3281,0.9986,0.02913,0.0007238,256,7,256,24,6144,3,0.5034,0.04341,0,0.8105,0.9994,0.9009,0.9986,0.2566,0.05078,0.8136,85
90,0.008481,0.001202,0.003949,0.04536,0.002401,0.009774,0.01669,0.04516,0.07898,0.9957,0.3979,1.205,0.0003601,0.2512,0.136,0.2383,0.291,6144,0,1,1.843e+04,4371,1.406e+04,0.001736,0.8454,0.9983,0.01195,0.3894,0.2773,0.3214,0.9976,0.03939,0.0008416,0.136,0.004576,0.884,0.9975,0.01801,0.3791,0.2631,0.3027,0.9963,0.03727,0.001189,0.136,0.0008534,0.8454,0.9985,0.01029,0.3926,0.2891,0.3281,0.9983,0.03019,0.0007185,256,7,256,24,6144,3,0.5032,0.04301,0,0.8069,0.9991,0.884,0.9983,0.2566,0.05078,0.8136,86
91,0.008364,0.001115,0.003953,0.04508,0.002339,0.009868,0.01668,0.04488,0.07934,0.9958,0.3962,1.206,0.00035,0.2474,0.1359,0.2383,0.291,6144,0,1,1.843e+04,4360,1.407e+04,0.001845,0.8511,0.9983,0.0127,0.3893,0.2793,0.3203,0.9977,0.03792,0.0008448,0.1359,0.004587,0.8708,0.9975,0.01694,0.3792,0.259,0.3027,0.997,0.03659,0.001199,0.1359,0.0009949,0.8511,0.9986,0.01056,0.3925,0.2891,0.3281,0.9981,0.02793,0.0007121,256,7,256,24,6144,3,0.5033,0.04342,0,0.8042,0.999,0.8708,0.9981,0.2566,0.05078,0.8136,87
92,0.008349,0.001128,0.00395,0.04488,0.002304,0.009749,0.0166,0.0447,0.07887,0.9959,0.3955,1.206,0.0003401,0.2436,0.1361,0.2383,0.2921,6144,0,1,1.843e+04,4367,1.406e+04,0.001302,0.8709,0.9983,0.0124,0.3894,0.2793,0.3223,0.9976,0.03792,0.0008366,0.1361,0.003206,0.8709,0.9975,0.01762,0.3791,0.2559,0.3027,0.9967,0.03734,0.001223,0.1361,0.000711,0.8709,0.9985,0.01032,0.3927,0.291,0.3281,0.9981,0.02794,0.0006953,256,7,256,24,6144,3,0.503,0.04367,0,0.8045,0.9993,0.8709,0.9981,0.2566,0.05273,0.8136,88
93,0.008282,0.001089,0.003952,0.04465,0.002253,0.009752,0.01662,0.04446,0.07889,0.996,0.3937,1.206,0.0003302,0.2399,0.1362,0.2383,0.291,6144,0,1,1.843e+04,4355,1.408e+04,0.0009766,0.8701,0.9984,0.01283,0.3896,0.2773,0.3223,0.9977,0.0402,0.0008135,0.1362,0.002755,0.8701,0.9977,0.01753,0.3793,0.2637,0.3047,0.997,0.03557,0.001154,0.1362,0.0004262,0.8701,0.9986,0.01085,0.3928,0.2891,0.3281,0.9981,0.03098,0.000694,256,7,256,24,6144,3,0.5029,0.04325,0,0.8043,0.9996,0.8701,0.9981,0.2567,0.05078,0.8136,89
94,0.008315,0.001134,0.003956,0.04453,0.002205,0.009874,0.01667,0.04435,0.07935,0.996,0.3931,1.205,0.0003204,0.2362,0.136,0.2383,0.291,6144,0,1,1.843e+04,4375,1.406e+04,0.001194,0.8778,0.9984,0.01287,0.3893,0.2773,0.3203,0.9976,0.03809,0.0008326,0.136,0.003657,0.8778,0.9976,0.01781,0.3791,0.2598,0.3027,0.9967,0.03665,0.001196,0.136,0.0004268,0.8822,0.9987,0.01036,0.3925,0.2891,0.3281,0.9983,0.02877,0.0007029,256,7,256,24,6144,3,0.503,0.04337,0,0.8067,0.9996,0.8822,0.9983,0.2565,0.05078,0.8136,90
95,0.008252,0.00109,0.00395,0.04441,0.002169,0.009811,0.01667,0.04424,0.07912,0.9961,0.3921,1.205,0.0003107,0.2326,0.1359,0.2383,0.293,6144,0,1,1.843e+04,4336,1.41e+04,0.001411,0.8451,0.9983,0.01277,0.3895,0.2754,0.3203,0.9976,0.03923,0.0008372,0.1359,0.002768,0.8451,0.9976,0.01756,0.379,0.2585,0.3027,0.9963,0.03653,0.00121,0.1359,0.0009932,0.8841,0.9986,0.01097,0.3927,0.2891,0.3281,0.9983,0.02964,0.0007133,256,7,256,24,6144,3,0.5033,0.043,0,0.8069,0.999,0.8841,0.9983,0.2568,0.05078,0.8136,91
96,0.008231,0.001082,0.003963,0.04423,0.002123,0.009853,0.01671,0.04406,0.07923,0.9962,0.391,1.206,0.0003011,0.2291,0.136,0.2383,0.293,6144,0,1,1.843e+04,4374,1.406e+04,0.001302,0.8267,0.9984,0.01346,0.3892,0.2773,0.3203,0.9977,0.03825,0.0008251,0.136,0.002743,0.8267,0.9976,0.01783,0.379,0.2612,0.3027,0.9963,0.03744,0.001221,0.136,0.0008536,0.8486,0.9986,0.01089,0.3924,0.2852,0.3281,0.9986,0.02878,0.0007032,256,7,256,24,6144,3,0.5031,0.04362,0,0.7995,0.9991,0.8486,0.9986,0.2564,0.04688,0.8136,92
97,0.008171,0.001057,0.003956,0.04399,0.002077,0.009776,0.01667,0.04383,0.07893,0.9963,0.3897,1.205,0.0002916,0.2256,0.1358,0.2383,0.2902,6144,0,1,1.843e+04,4360,1.407e+04,0.001194,0.8618,0.9984,0.01267,0.3894,0.2754,0.3203,0.998,0.03874,0.0008011,0.1358,0.002752,0.8885,0.9977,0.01781,0.3791,0.2637,0.3027,0.997,0.03764,0.00113,0.1358,0.0007106,0.8618,0.9986,0.01003,0.3925,0.291,0.3281,0.9985,0.0293,0.000683,256,7,256,24,6144,3,0.5032,0.04364,0,0.8081,0.9993,0.8885,0.9985,0.2567,0.05273,0.8136,93
98,0.008197,0.001101,0.003957,0.04382,0.002045,0.009798,0.01669,0.04366,0.07905,0.9963,0.3888,1.205,0.0002822,0.2222,0.136,0.2383,0.2921,6144,0,1,1.843e+04,4348,1.408e+04,0.001628,0.8595,0.9984,0.01309,0.3896,0.2773,0.3203,0.9979,0.03646,0.0008283,0.136,0.00322,0.8595,0.9976,0.0172,0.3794,0.2598,0.3034,0.997,0.03353,0.001191,0.136,0.001136,0.8714,0.9986,0.01079,0.3927,0.2891,0.3281,0.9983,0.02858,0.0007149,256,7,256,24,6144,3,0.5031,0.04332,0,0.8043,0.9989,0.8714,0.9983,0.2567,0.05078,0.8136,94
99,0.008064,0.0009715,0.003967,0.04377,0.002005,0.009894,0.0167,0.04361,0.07942,0.9964,0.3885,1.206,0.0002728,0.2188,0.1359,0.2363,0.291,6144,0,1,1.843e+04,4353,1.408e+04,0.001519,0.8729,0.9984,0.01242,0.3894,0.2793,0.3223,0.9979,0.03955,0.0008153,0.1359,0.003216,0.8729,0.9977,0.01727,0.3791,0.2598,0.3008,0.997,0.03606,0.001144,0.1359,0.0009944,0.8729,0.9987,0.01025,0.3926,0.2891,0.3281,0.9985,0.0301,0.0006946,256,7,256,24,6144,3,0.5031,0.04336,0,0.8048,0.999,0.8729,0.9985,0.2567,0.05273,0.8136,95
100,0.008046,0.0009986,0.003954,0.04342,0.001964,0.00988,0.01672,0.04327,0.07936,0.9965,0.3864,1.206,0.0002636,0.2154,0.1361,0.2383,0.291,6144,0,1,1.843e+04,4361,1.407e+04,0.001519,0.8525,0.9983,0.01172,0.3893,0.2793,0.3203,0.9977,0.03776,0.0008372,0.1361,0.003669,0.8947,0.9977,0.01684,0.3794,0.2617,0.3047,0.9966,0.03506,0.001183,0.1361,0.0008528,0.8525,0.9986,0.0106,0.3924,0.2891,0.3281,0.9983,0.02882,0.0007169,256,7,256,24,6144,3,0.5034,0.04357,0,0.809,0.9991,0.8947,0.9983,0.2563,0.05078,0.8136,96
101,0.008083,0.001042,0.003957,0.04338,0.00193,0.009873,0.0167,0.04323,0.07936,0.9965,0.3859,1.206,0.0002545,0.2122,0.136,0.2383,0.2891,6144,0,1,1.843e+04,4404,1.403e+04,0.001519,0.8447,0.9984,0.01277,0.3892,0.2793,0.3223,0.9979,0.0389,0.000831,0.136,0.003633,0.884,0.9977,0.01686,0.3796,0.2598,0.3027,0.997,0.03557,0.001207,0.136,0.0008554,0.8447,0.9986,0.01037,0.3922,0.2871,0.3281,0.9983,0.02935,0.0007088,256,7,256,24,6144,3,0.5033,0.04372,0,0.8067,0.9991,0.884,0.9983,0.2563,0.04883,0.8136,97
102,0.007991,0.0009751,0.003959,0.04317,0.001886,0.009801,0.01673,0.04303,0.07909,0.9966,0.3849,1.206,0.0002455,0.2089,0.1361,0.2383,0.2902,6144,0,1,1.843e+04,4381,1.405e+04,0.001736,0.859,0.9984,0.01222,0.3894,0.2793,0.3203,0.9979,0.03857,0.0008261,0.1361,0.004109,0.859,0.9977,0.01714,0.3794,0.2594,0.3047,0.997,0.03706,0.001219,0.1361,0.0009964,0.8869,0.9986,0.01053,0.3925,0.2871,0.3281,0.9983,0.02862,0.0006924,256,7,256,24,6144,3,0.5032,0.04319,0,0.8072,0.999,0.8869,0.9983,0.2565,0.04883,0.8136,98
103,0.008046,0.001039,0.003961,0.04311,0.00185,0.009808,0.0167,0.04298,0.0791,0.9967,0.3843,1.206,0.0002366,0.2057,0.1361,0.2383,0.2902,6144,0,1,1.843e+04,4374,1.406e+04,0.001411,0.8535,0.9984,0.01262,0.3894,0.2773,0.3203,0.9976,0.03939,0.0008414,0.1361,0.003201,0.8535,0.9977,0.01743,0.3795,0.2617,0.3027,0.9967,0.03671,0.001217,0.1361,0.0008536,0.8817,0.9986,0.01005,0.3925,0.2902,0.3281,0.9981,0.02963,0.0006815,256,7,256,24,6144,3,0.5032,0.04364,0,0.8065,0.9991,0.8817,0.9981,0.2565,0.05189,0.8136,99
104,0.007879,0.0009029,0.00396,0.04285,0.001819,0.009786,0.01669,0.04272,0.07898,0.9967,0.3828,1.206,0.0002278,0.2026,0.136,0.2383,0.2902,6144,0,1,1.843e+04,4357,1.408e+04,0.001302,0.8265,0.9984,0.01248,0.3893,0.2773,0.3203,0.9976,0.03971,0.0008387,0.136,0.003213,0.8879,0.9977,0.01727,0.3796,0.2617,0.3027,0.9966,0.03726,0.001187,0.136,0.0007105,0.8265,0.9986,0.01058,0.3923,0.2871,0.3262,0.9981,0.0298,0.0007229,256,7,256,24,6144,3,0.5029,0.04388,0,0.8075,0.9993,0.8879,0.9981,0.2564,0.04883,0.8136,100
105,0.007914,0.0009594,0.003956,0.04268,0.001782,0.009807,0.01671,0.04255,0.07913,0.9968,0.382,1.206,0.0002192,0.1995,0.136,0.2402,0.2891,6144,0,1,1.843e+04,4380,1.405e+04,0.001736,0.8525,0.9984,0.01275,0.3893,0.2754,0.3203,0.9977,0.03939,0.0008519,0.136,0.004566,0.8709,0.9976,0.01733,0.3793,0.2633,0.3027,0.997,0.03701,0.001203,0.136,0.000854,0.8525,0.9986,0.01027,0.3925,0.2891,0.3281,0.9981,0.02967,0.0007314,256,7,256,24,6144,3,0.503,0.04374,0,0.8041,0.9991,0.8709,0.9981,0.2565,0.04883,0.8136,101
106,0.007878,0.0009308,0.003962,0.04261,0.001749,0.009836,0.0167,0.04248,0.07919,0.9969,0.3814,1.206,0.0002107,0.1965,0.1362,0.2383,0.2941,6144,0,1,1.843e+04,4346,1.409e+04,0.001411,0.8586,0.9983,0.01302,0.3895,0.2773,0.3203,0.9977,0.03825,0.0008463,0.1362,0.003682,0.8831,0.9976,0.01802,0.3791,0.2617,0.3027,0.9966,0.03852,0.001202,0.1362,0.0007099,0.8586,0.9986,0.01107,0.3927,0.2871,0.3262,0.9983,0.02879,0.0007274,256,7,256,24,6144,3,0.5031,0.04335,0,0.8066,0.9993,0.8831,0.9983,0.2565,0.04883,0.8136,102
107,0.007798,0.0008964,0.003956,0.0422,0.001714,0.009899,0.01674,0.04208,0.07944,0.9969,0.3791,1.206,0.0002023,0.1935,0.1361,0.2383,0.2921,6144,0,1,1.843e+04,4349,1.408e+04,0.001519,0.8172,0.9983,0.01266,0.3895,0.2773,0.3203,0.998,0.03857,0.0008546,0.1361,0.003219,0.8958,0.9976,0.01702,0.3794,0.2617,0.3027,0.997,0.03573,0.001201,0.1361,0.0009941,0.8172,0.9986,0.01078,0.3926,0.2871,0.3281,0.9985,0.02942,0.0007216,256,7,256,24,6144,3,0.5031,0.04365,0,0.809,0.999,0.8958,0.9985,0.2565,0.04883,0.8136,103
108,0.007854,0.0009423,0.003961,0.04231,0.001685,0.00985,0.01675,0.04219,0.07924,0.997,0.3793,1.206,0.000194,0.1905,0.1363,0.2383,0.2891,6144,0,1,1.843e+04,4308,1.412e+04,0.001302,0.8372,0.9983,0.01293,0.3895,0.2773,0.3203,0.9977,0.0389,0.0008512,0.1363,0.002786,0.8866,0.9976,0.01682,0.3792,0.2617,0.3027,0.9974,0.03608,0.001224,0.1363,0.0008496,0.8372,0.9986,0.01012,0.3927,0.2891,0.3281,0.998,0.0299,0.0007263,256,7,256,24,6144,3,0.503,0.0432,0,0.8073,0.9992,0.8866,0.998,0.2563,0.05078,0.8136,104
109,0.007835,0.000946,0.003957,0.0421,0.001652,0.00995,0.01677,0.04199,0.07964,0.997,0.378,1.206,0.0001859,0.1876,0.1362,0.2383,0.2891,6144,0,1,1.843e+04,4343,1.409e+04,0.001411,0.8385,0.9983,0.01261,0.3894,0.2773,0.3203,0.9979,0.03923,0.0008323,0.1362,0.003224,0.8763,0.9976,0.01775,0.3794,0.2617,0.3047,0.997,0.03695,0.001194,0.1362,0.0008517,0.8385,0.9986,0.009983,0.3925,0.2891,0.3281,0.9983,0.02977,0.0006937,256,7,256,24,6144,3,0.5032,0.0433,0,0.8053,0.9991,0.8763,0.9983,0.2563,0.05078,0.8136,105
110,0.007781,0.0009149,0.003954,0.04195,0.001619,0.009847,0.01673,0.04184,0.07929,0.9971,0.3772,1.206,0.000178,0.1848,0.1364,0.2383,0.2902,6144,0,1,1.843e+04,4344,1.409e+04,0.001302,0.8656,0.9983,0.01283,0.3895,0.2793,0.3203,0.998,0.03906,0.0008509,0.1364,0.003223,0.8923,0.9976,0.01688,0.3794,0.2617,0.3047,0.997,0.03601,0.001215,0.1364,0.0007098,0.8656,0.9986,0.01017,0.3926,0.2891,0.3281,0.9985,0.02946,0.0007106,256,7,256,24,6144,3,0.5032,0.04324,0,0.8086,0.9993,0.8923,0.9985,0.2562,0.05078,0.8136,106
111,0.007771,0.0009147,0.003954,0.04186,0.001588,0.009921,0.0168,0.04176,0.07955,0.9971,0.3763,1.206,0.0001702,0.182,0.1363,0.2383,0.293,6144,0,1,1.843e+04,4361,1.407e+04,0.001085,0.8359,0.9984,0.01238,0.3896,0.2793,0.3203,0.998,0.03971,0.0008376,0.1363,0.002293,0.8823,0.9977,0.01756,0.3797,0.2617,0.3027,0.997,0.03812,0.001166,0.1363,0.0007107,0.8359,0.9986,0.0104,0.3927,0.291,0.3262,0.9985,0.02896,0.0007227,256,7,256,24,6144,3,0.5031,0.04321,0,0.8068,0.9993,0.8823,0.9985,0.2565,0.05273,0.8136,107
112,0.007735,0.0008936,0.003963,0.04172,0.001557,0.009844,0.01676,0.04161,0.07923,0.9972,0.3756,1.206,0.0001625,0.1792,0.1362,0.2383,0.293,6144,0,1,1.843e+04,4338,1.409e+04,0.001194,0.8441,0.9983,0.01221,0.3897,0.2793,0.3203,0.9982,0.04053,0.0008508,0.1362,0.002305,0.8823,0.9976,0.01612,0.3793,0.2617,0.3027,0.997,0.03815,0.00121,0.1362,0.0008514,0.8441,0.9986,0.01046,0.3929,0.2891,0.3281,0.9986,0.03053,0.000727,256,7,256,24,6144,3,0.5032,0.04369,0,0.8066,0.9991,0.8823,0.9986,0.2566,0.05078,0.8136,108
113,0.007735,0.0008952,0.003963,0.04173,0.00154,0.00985,0.01673,0.04162,0.07929,0.9972,0.3756,1.206,0.000155,0.1765,0.1362,0.2383,0.291,6144,0,1,1.843e+04,4340,1.409e+04,0.001085,0.8464,0.9984,0.0127,0.3896,0.2793,0.3203,0.9979,0.03825,0.0008341,0.1362,0.001843,0.8994,0.9977,0.01615,0.3793,0.2617,0.3047,0.997,0.03566,0.001147,0.1362,0.0008515,0.8464,0.9986,0.01003,0.3928,0.291,0.3262,0.9983,0.02981,0.0007253,256,7,256,24,6144,3,0.503,0.04338,0,0.8102,0.9991,0.8994,0.9983,0.2566,0.05273,0.8136,109
114,0.007745,0.0009342,0.003963,0.04147,0.001501,0.009836,0.0168,0.04137,0.07918,0.9973,0.3743,1.206,0.0001476,0.1738,0.1362,0.2363,0.291,6144,0,1,1.843e+04,4342,1.409e+04,0.001085,0.8696,0.9984,0.01203,0.3897,0.2793,0.3203,0.9977,0.03841,0.0008309,0.1362,0.001842,0.8918,0.9976,0.01809,0.3794,0.2617,0.3027,0.9967,0.03528,0.001164,0.1362,0.0008517,0.8696,0.9986,0.01012,0.3929,0.291,0.3281,0.9983,0.02945,0.0007004,256,7,256,24,6144,3,0.5033,0.04323,0,0.8089,0.9991,0.8918,0.9983,0.2567,0.05469,0.8136,110
115,0.007679,0.0008818,0.003972,0.04134,0.001474,0.00976,0.01675,0.04124,0.07886,0.9973,0.3734,1.206,0.0001404,0.1711,0.1362,0.2402,0.2902,6144,0,1,1.843e+04,4365,1.407e+04,0.001411,0.8376,0.9984,0.01236,0.3896,0.2793,0.3203,0.9977,0.03906,0.0008468,0.1362,0.001833,0.8939,0.9976,0.01782,0.3795,0.2578,0.3027,0.9963,0.0382,0.001177,0.1362,0.00128,0.8376,0.9986,0.01006,0.3927,0.291,0.3281,0.9985,0.02849,0.0007058,256,7,256,24,6144,3,0.5033,0.04353,0,0.8087,0.9987,0.8939,0.9985,0.2565,0.05078,0.8136,111
116,0.007637,0.0008586,0.003965,0.04119,0.001453,0.00982,0.01675,0.0411,0.07913,0.9974,0.3727,1.206,0.0001334,0.1685,0.1361,0.2383,0.2921,6144,0,1,1.843e+04,4361,1.407e+04,0.001302,0.856,0.9984,0.01214,0.3895,0.2793,0.3203,0.9982,0.03841,0.0008178,0.1361,0.002293,0.875,0.9977,0.01689,0.3792,0.2578,0.3047,0.997,0.03739,0.001121,0.1361,0.000995,0.856,0.9987,0.01054,0.3927,0.2891,0.3281,0.9986,0.0281,0.0006969,256,7,256,24,6144,3,0.503,0.0434,0,0.8051,0.999,0.875,0.9986,0.2566,0.05078,0.8136,112
117,0.007701,0.0009154,0.003968,0.04123,0.00143,0.009954,0.01681,0.04114,0.07967,0.9974,0.3728,1.206,0.0001266,0.166,0.1361,0.2383,0.2891,6144,0,1,1.843e+04,4359,1.407e+04,0.001628,0.8551,0.9984,0.0123,0.3894,0.2793,0.3203,0.998,0.03906,0.0008287,0.1361,0.003671,0.8937,0.9976,0.01687,0.3791,0.2578,0.3027,0.9967,0.03849,0.001178,0.1361,0.0009948,0.8551,0.9986,0.009785,0.3926,0.291,0.3281,0.9986,0.02879,0.0006912,256,7,256,24,6144,3,0.5031,0.04358,0,0.809,0.999,0.8937,0.9986,0.2565,0.05273,0.8136,113
118,0.007666,0.0008949,0.003966,0.04115,0.001405,0.009846,0.01679,0.04106,0.07922,0.9975,0.3719,1.206,0.0001199,0.1634,0.1361,0.2383,0.2921,6144,0,1,1.843e+04,4353,1.408e+04,0.001411,0.8644,0.9984,0.01192,0.3895,0.2793,0.3203,0.9982,0.03955,0.0008352,0.1361,0.002757,0.8934,0.9977,0.01606,0.3794,0.2637,0.3047,0.997,0.03828,0.001194,0.1361,0.0009944,0.8644,0.9986,0.01062,0.3927,0.2871,0.3281,0.9986,0.02917,0.0006973,256,7,256,24,6144,3,0.5032,0.04347,0,0.8086,0.999,0.8934,0.9986,0.2566,0.04883,0.8136,114
119,0.007617,0.0008517,0.003966,0.0411,0.001382,0.009891,0.0168,0.041,0.07945,0.9975,0.3716,1.206,0.0001134,0.1609,0.1361,0.2383,0.296,6144,0,1,1.843e+04,4354,1.408e+04,0.001411,0.8421,0.9983,0.01196,0.3895,0.2793,0.3203,0.9982,0.03857,0.0008421,0.1361,0.002756,0.8773,0.9976,0.01654,0.3794,0.2617,0.3027,0.997,0.03693,0.001188,0.1361,0.0009945,0.8421,0.9986,0.01093,0.3926,0.2891,0.3281,0.9986,0.02951,0.0007166,256,7,256,24,6144,3,0.5033,0.0435,0,0.8055,0.999,0.8773,0.9986,0.2565,0.05078,0.8136,115
120,0.007605,0.0008644,0.003967,0.04088,0.001356,0.009958,0.01673,0.04079,0.0797,0.9976,0.3709,1.206,0.000107,0.1585,0.1361,0.2383,0.2949,6144,0,1,1.843e+04,4358,1.407e+04,0.001519,0.8369,0.9984,0.0124,0.3895,0.2793,0.3203,0.9977,0.03857,0.0008423,0.1361,0.002754,0.8879,0.9977,0.01654,0.3795,0.2617,0.3027,0.9967,0.03785,0.001194,0.1361,0.001137,0.8369,0.9986,0.01086,0.3925,0.2891,0.3262,0.9983,0.02845,0.0007297,256,7,256,24,6144,3,0.5032,0.04375,0,0.8075,0.9989,0.8879,0.9983,0.2564,0.05078,0.8136,116
121,0.007532,0.0008217,0.00397,0.0406,0.001325,0.009867,0.01678,0.04052,0.07939,0.9976,0.3691,1.206,0.0001009,0.1561,0.1361,0.238,0.291,6144,0,1,1.843e+04,4348,1.408e+04,0.001302,0.8656,0.9984,0.01226,0.3896,0.2793,0.3203,0.9977,0.03825,0.0008286,0.1361,0.00184,0.876,0.9977,0.01687,0.3796,0.2617,0.3047,0.9966,0.03613,0.001167,0.1361,0.001136,0.8656,0.9986,0.01042,0.3926,0.2891,0.3262,0.9983,0.0286,0.0007051,256,7,256,24,6144,3,0.5032,0.04369,0,0.8052,0.9989,0.876,0.9983,0.2565,0.05107,0.8136,117
122,0.007504,0.0008014,0.003967,0.04057,0.0013,0.009853,0.01678,0.04049,0.07922,0.9977,0.3688,1.206,9.489e-05,0.1537,0.1362,0.2383,0.2921,6144,0,1,1.843e+04,4334,1.41e+04,0.001519,0.8659,0.9984,0.0126,0.3895,0.2793,0.3203,0.9979,0.0389,0.0008315,0.1362,0.002769,0.884,0.9977,0.01699,0.3793,0.2617,0.3047,0.9966,0.03694,0.001176,0.1362,0.001135,0.8659,0.9986,0.01055,0.3927,0.2891,0.3262,0.9985,0.02979,0.0007061,256,7,256,24,6144,3,0.5031,0.04361,0,0.8068,0.9989,0.884,0.9985,0.2565,0.05078,0.8136,118
123,0.007583,0.0008883,0.003964,0.04051,0.001277,0.009903,0.01682,0.04043,0.07945,0.9977,0.368,1.206,8.91e-05,0.1514,0.1361,0.2383,0.293,6144,0,1,1.843e+04,4325,1.411e+04,0.001302,0.8594,0.9984,0.01264,0.3896,0.2793,0.3203,0.9979,0.03776,0.0008192,0.1361,0.00185,0.8774,0.9977,0.01735,0.3792,0.2598,0.3047,0.9966,0.03611,0.001158,0.1361,0.001134,0.8594,0.9987,0.01045,0.3928,0.291,0.3262,0.9985,0.0288,0.0007158,256,7,256,24,6144,3,0.5033,0.04363,0,0.8057,0.9989,0.8774,0.9985,0.2567,0.05273,0.8136,119
124,0.00751,0.0008235,0.003965,0.04045,0.001258,0.009886,0.0168,0.04037,0.07947,0.9977,0.3679,1.206,8.35e-05,0.1491,0.1362,0.2383,0.293,6144,0,1,1.843e+04,4319,1.411e+04,0.001302,0.8499,0.9984,0.0128,0.3896,0.2793,0.3203,0.9985,0.03776,0.0008232,0.1362,0.001852,0.8499,0.9977,0.01713,0.379,0.2598,0.3025,0.9974,0.03518,0.001161,0.1362,0.001134,0.8499,0.9987,0.01034,0.3928,0.291,0.3262,0.9988,0.02893,0.0007039,256,7,256,24,6144,3,0.5032,0.04372,0,0.8002,0.9989,0.8499,0.9988,0.2566,0.05273,0.8136,120
125,0.007539,0.0008404,0.003971,0.04058,0.001238,0.009808,0.01676,0.0405,0.07911,0.9978,0.3683,1.206,7.808e-05,0.1468,0.1362,0.2383,0.293,6144,0,1,1.843e+04,4306,1.413e+04,0.001411,0.8454,0.9984,0.01267,0.3896,0.2793,0.3203,0.998,0.03841,0.0008262,0.1362,0.001858,0.8706,0.9977,0.01719,0.3792,0.2618,0.3032,0.9966,0.0359,0.00116,0.1362,0.001274,0.8454,0.9986,0.01031,0.3928,0.2896,0.3281,0.9986,0.02893,0.0007191,256,7,256,24,6144,3,0.5032,0.04364,0,0.8041,0.9987,0.8706,0.9986,0.2566,0.05127,0.8136,121
126,0.007496,0.0008246,0.00397,0.04032,0.00121,0.00983,0.01684,0.04025,0.07915,0.9978,0.3667,1.206,7.286e-05,0.1445,0.1363,0.2383,0.2941,6144,0,1,1.843e+04,4329,1.41e+04,0.001085,0.8577,0.9984,0.01245,0.3895,0.2793,0.3203,0.998,0.03923,0.0008427,0.1363,0.001848,0.8704,0.9976,0.01719,0.3791,0.2603,0.3027,0.9966,0.03734,0.001203,0.1363,0.0008509,0.8577,0.9986,0.01071,0.3927,0.2891,0.3281,0.9986,0.02908,0.0006902,256,7,256,24,6144,3,0.5031,0.04368,0,0.8042,0.9991,0.8704,0.9986,0.2564,0.05082,0.8136,122
127,0.00747,0.0007993,0.003973,0.04031,0.001193,0.009892,0.01682,0.04024,0.07946,0.9979,0.3667,1.206,6.784e-05,0.1423,0.1361,0.2383,0.293,6144,0,1,1.843e+04,4341,1.409e+04,0.001302,0.8454,0.9984,0.01279,0.3895,0.2773,0.3203,0.9979,0.03955,0.0008362,0.1361,0.001843,0.8576,0.9976,0.01747,0.3794,0.2598,0.3027,0.9966,0.03848,0.001189,0.1361,0.001135,0.8454,0.9986,0.01057,0.3926,0.2891,0.3262,0.9985,0.02857,0.000694,256,7,256,24,6144,3,0.5032,0.0437,0,0.8015,0.9989,0.8576,0.9985,0.2564,0.05078,0.8136,123
128,0.007454,0.0007953,0.003972,0.04022,0.001175,0.009899,0.01675,0.04015,0.07947,0.9979,0.3664,1.206,6.301e-05,0.1402,0.1363,0.2383,0.2941,6144,0,1,1.843e+04,4360,1.407e+04,0.001411,0.8527,0.9984,0.01267,0.3895,0.2793,0.3203,0.9976,0.03857,0.0008496,0.1363,0.002294,0.8634,0.9976,0.0176,0.3793,0.2598,0.3047,0.9967,0.03534,0.001228,0.1363,0.001137,0.8527,0.9986,0.01064,0.3926,0.2891,0.3262,0.9981,0.02944,0.0007184,256,7,256,24,6144,3,0.5032,0.04381,0,0.8026,0.9989,0.8634,0.9981,0.2564,0.05078,0.8136,124
129,0.007425,0.0007748,0.003973,0.04012,0.001154,0.00997,0.01683,0.04006,0.07974,0.9979,0.3656,1.206,5.838e-05,0.138,0.1362,0.2383,0.2921,6144,0,1,1.843e+04,4313,1.412e+04,0.0008681,0.8451,0.9984,0.01264,0.3895,0.2793,0.3203,0.9979,0.03939,0.000833,0.1362,0.002319,0.8683,0.9977,0.0172,0.3792,0.2578,0.3027,0.9966,0.03902,0.001194,0.1362,0.000425,0.8451,0.9986,0.01027,0.3927,0.291,0.3281,0.9985,0.02928,0.0006958,256,7,256,24,6144,3,0.5032,0.04366,0,0.8042,0.9996,0.8683,0.9985,0.2564,0.05273,0.8136,125
130,0.007469,0.0008171,0.003972,0.0402,0.001133,0.009817,0.01678,0.04014,0.07916,0.998,0.3659,1.206,5.395e-05,0.1359,0.1362,0.2383,0.293,6144,0,1,1.843e+04,4342,1.409e+04,0.001194,0.8449,0.9984,0.01239,0.3895,0.2793,0.3203,0.9977,0.03841,0.0008365,0.1362,0.002303,0.8883,0.9977,0.01777,0.3791,0.2598,0.3047,0.9966,0.03585,0.001193,0.1362,0.0008517,0.8449,0.9986,0.01047,0.3927,0.291,0.3262,0.9983,0.0298,0.0007134,256,7,256,24,6144,3,0.5032,0.04375,0,0.808,0.9991,0.8883,0.9983,0.2565,0.05273,0.8136,126
131,0.007428,0.0008135,0.003974,0.03982,0.001109,0.009882,0.01686,0.03975,0.07941,0.998,0.3639,1.206,4.972e-05,0.1339,0.1362,0.2383,0.291,6144,0,1,1.843e+04,4351,1.408e+04,0.001302,0.8438,0.9984,0.01226,0.3895,0.2773,0.3223,0.9979,0.03988,0.0008376,0.1362,0.001839,0.8813,0.9977,0.01725,0.3792,0.2617,0.3027,0.997,0.03805,0.001182,0.1362,0.001136,0.8438,0.9986,0.01018,0.3927,0.2891,0.3262,0.9983,0.02998,0.0007025,256,7,256,24,6144,3,0.5032,0.04364,0,0.8062,0.9989,0.8813,0.9983,0.2565,0.05078,0.8136,127
132,0.007406,0.0007886,0.003969,0.03989,0.001092,0.009947,0.01681,0.03983,0.07971,0.998,0.3643,1.206,4.57e-05,0.1318,0.1362,0.2383,0.291,6144,0,1,1.843e+04,4353,1.408e+04,0.001302,0.8372,0.9984,0.0127,0.3895,0.2773,0.3203,0.998,0.03841,0.000845,0.1362,0.002757,0.8818,0.9977,0.01697,0.3795,0.2617,0.3027,0.9966,0.03689,0.001207,0.1362,0.0008523,0.8372,0.9986,0.01021,0.3926,0.291,0.3262,0.9986,0.02882,0.0007219,256,7,256,24,6144,3,0.5032,0.04365,0,0.8067,0.9991,0.8818,0.9986,0.2564,0.05273,0.8136,128
133,0.007394,0.0007763,0.003974,0.03988,0.001076,0.009922,0.01682,0.03982,0.07955,0.9981,0.3643,1.206,4.188e-05,0.1298,0.1363,0.2383,0.2902,6144,0,1,1.843e+04,4332,1.41e+04,0.001194,0.8511,0.9984,0.01258,0.3896,0.2793,0.3203,0.9979,0.03923,0.0008231,0.1363,0.002308,0.8826,0.9977,0.01662,0.3794,0.2637,0.3027,0.9966,0.03803,0.001175,0.1363,0.0008511,0.8511,0.9986,0.01008,0.3927,0.2891,0.3262,0.9985,0.02914,0.0007019,256,7,256,24,6144,3,0.5033,0.04356,0,0.8066,0.9991,0.8826,0.9985,0.2564,0.05078,0.8136,129
134,0.007424,0.0007958,0.003972,0.04002,0.001061,0.009893,0.01679,0.03996,0.07942,0.9981,0.3647,1.206,3.828e-05,0.1278,0.1362,0.2383,0.291,6144,0,1,1.843e+04,4332,1.41e+04,0.001085,0.8418,0.9984,0.01272,0.3895,0.2793,0.3203,0.9982,0.03955,0.0008243,0.1362,0.001847,0.8817,0.9977,0.01723,0.3793,0.2604,0.3027,0.997,0.03809,0.001174,0.1362,0.0008511,0.8418,0.9986,0.009929,0.3927,0.293,0.3262,0.9986,0.03015,0.0007023,256,7,256,24,6144,3,0.5032,0.04354,0,0.8069,0.9991,0.8817,0.9986,0.2565,0.05469,0.8136,130
135,0.007373,0.0007746,0.003971,0.03977,0.00104,0.009841,0.01676,0.03972,0.07923,0.9981,0.3636,1.206,3.488e-05,0.1259,0.1362,0.2383,0.293,6144,0,1,1.843e+04,4342,1.409e+04,0.001085,0.8361,0.9984,0.01232,0.3896,0.2773,0.3203,0.9984,0.03988,0.0008357,0.1362,0.001842,0.8833,0.9977,0.01699,0.3794,0.2617,0.3027,0.9974,0.03802,0.001193,0.1362,0.0008517,0.8361,0.9986,0.01014,0.3927,0.293,0.3262,0.9986,0.02982,0.000698,256,7,256,24,6144,3,0.5032,0.04355,0,0.8072,0.9991,0.8833,0.9986,0.2565,0.05469,0.8136,131
136,0.007395,0.000805,0.003971,0.03969,0.001021,0.009848,0.01681,0.03963,0.07927,0.9982,0.363,1.206,3.17e-05,0.124,0.1362,0.2383,0.2921,6144,0,1,1.843e+04,4325,1.411e+04,0.001194,0.8426,0.9984,0.01234,0.3895,0.2793,0.3203,0.9985,0.0402,0.0008304,0.1362,0.002312,0.8867,0.9977,0.017,0.3792,0.2617,0.3027,0.9974,0.03812,0.001166,0.1362,0.0008506,0.8426,0.9986,0.01004,0.3927,0.293,0.3262,0.9988,0.0303,0.0007046,256,7,256,24,6144,3,0.5032,0.04349,0,0.8079,0.9991,0.8867,0.9988,0.2565,0.05469,0.8136,132
137,0.007364,0.0007821,0.003974,0.0396,0.001005,0.009889,0.01683,0.03954,0.07938,0.9982,0.3626,1.206,2.873e-05,0.1221,0.1362,0.2383,0.293,6144,0,1,1.843e+04,4349,1.408e+04,0.001194,0.8498,0.9984,0.01238,0.3895,0.2793,0.3203,0.9982,0.03955,0.0008317,0.1362,0.002299,0.8874,0.9977,0.01681,0.3795,0.2617,0.3027,0.997,0.03951,0.00117,0.1362,0.0008521,0.8498,0.9986,0.01017,0.3926,0.293,0.3262,0.9986,0.0293,0.000697,256,7,256,24,6144,3,0.5032,0.04355,0,0.808,0.9991,0.8874,0.9986,0.2564,0.05469,0.8136,133
138,0.007412,0.0008193,0.003973,0.03974,0.0009895,0.009829,0.01683,0.03968,0.07921,0.9982,0.3629,1.206,2.597e-05,0.1202,0.1362,0.2383,0.291,6144,0,1,1.843e+04,4353,1.408e+04,0.001411,0.8519,0.9984,0.01277,0.3895,0.2773,0.3203,0.9984,0.03874,0.0008328,0.1362,0.002297,0.8872,0.9977,0.01679,0.3794,0.2617,0.3027,0.997,0.03836,0.001177,0.1362,0.001136,0.8519,0.9986,0.009839,0.3926,0.291,0.3262,0.9988,0.02881,0.0007118,256,7,256,24,6144,3,0.5031,0.04358,0,0.8077,0.9989,0.8872,0.9988,0.2564,0.05273,0.8136,134
139,0.007348,0.0007528,0.003976,0.03976,0.0009765,0.009879,0.01684,0.03971,0.07937,0.9982,0.363,1.206,2.344e-05,0.1184,0.1362,0.2383,0.2921,6144,0,1,1.843e+04,4347,1.408e+04,0.001411,0.8353,0.9984,0.01283,0.3895,0.2793,0.3203,0.9985,0.03939,0.0008285,0.1362,0.0023,0.8809,0.9977,0.01711,0.3794,0.2617,0.3027,0.9974,0.03886,0.001164,0.1362,0.001136,0.8353,0.9986,0.01004,0.3927,0.293,0.3262,0.9988,0.02952,0.000706,256,7,256,24,6144,3,0.5031,0.04354,0,0.8066,0.9989,0.8809,0.9988,0.2564,0.05469,0.8136,135
140,0.007388,0.0008021,0.003977,0.03967,0.000962,0.0099,0.01681,0.03963,0.07951,0.9983,0.3626,1.206,2.111e-05,0.1166,0.1362,0.238,0.2921,6144,0,1,1.843e+04,4336,1.41e+04,0.001194,0.8496,0.9984,0.01284,0.3896,0.2793,0.3203,0.9984,0.03939,0.0008326,0.1362,0.002306,0.8807,0.9977,0.01708,0.3795,0.2617,0.3027,0.997,0.03767,0.001186,0.1362,0.0008513,0.8496,0.9986,0.01009,0.3927,0.291,0.3262,0.9988,0.03001,0.0007107,256,7,256,24,6144,3,0.5031,0.04349,0,0.8065,0.9991,0.8807,0.9988,0.2565,0.05303,0.8136,136
141,0.007367,0.0007913,0.003967,0.03963,0.0009416,0.00994,0.01683,0.03959,0.07966,0.9983,0.3626,1.206,1.901e-05,0.1148,0.1363,0.2363,0.2921,6144,0,1,1.843e+04,4326,1.411e+04,0.001085,0.8501,0.9984,0.01261,0.3896,0.2793,0.3203,0.9982,0.03971,0.0008307,0.1363,0.001849,0.8765,0.9977,0.01781,0.3793,0.2603,0.3047,0.9966,0.03774,0.001182,0.1363,0.0008507,0.8501,0.9986,0.01008,0.3927,0.2911,0.3262,0.9988,0.03016,0.0006934,256,7,256,24,6144,3,0.5032,0.0435,0,0.8059,0.9991,0.8765,0.9988,0.2564,0.05479,0.8136,137
142,0.00732,0.0007646,0.003971,0.03942,0.0009271,0.00992,0.01683,0.03937,0.07955,0.9983,0.3616,1.206,1.712e-05,0.1131,0.1362,0.2383,0.2941,6144,0,1,1.843e+04,4343,1.409e+04,0.001302,0.8503,0.9984,0.01285,0.3895,0.2793,0.3203,0.9985,0.03939,0.0008312,0.1362,0.002763,0.8757,0.9977,0.01691,0.3796,0.2617,0.3047,0.9974,0.0384,0.001184,0.1362,0.0008517,0.8503,0.9986,0.01054,0.3926,0.291,0.3262,0.9988,0.02969,0.0007104,256,7,256,24,6144,3,0.5031,0.04349,0,0.8055,0.9991,0.8757,0.9988,0.2564,0.05273,0.8136,138
143,0.007326,0.00077,0.003979,0.0394,0.0009132,0.009942,0.01681,0.03935,0.07961,0.9984,0.3611,1.206,1.546e-05,0.1113,0.1363,0.2383,0.2921,6144,0,1,1.843e+04,4340,1.409e+04,0.001411,0.8488,0.9984,0.01256,0.3896,0.2793,0.3203,0.9984,0.03923,0.0008287,0.1363,0.002304,0.8823,0.9977,0.01708,0.3795,0.2617,0.3046,0.997,0.03661,0.001187,0.1363,0.001135,0.8488,0.9986,0.01022,0.3927,0.291,0.3262,0.9988,0.03001,0.0007064,256,7,256,24,6144,3,0.5031,0.04353,0,0.8067,0.9989,0.8823,0.9988,0.2564,0.05273,0.8136,139
144,0.007412,0.0008365,0.003971,0.03967,0.000898,0.009835,0.01683,0.03962,0.07921,0.9984,0.3628,1.206,1.401e-05,0.1096,0.1363,0.2383,0.291,6144,0,1,1.843e+04,4330,1.41e+04,0.001194,0.8577,0.9984,0.0126,0.3895,0.2793,0.3203,0.9982,0.03857,0.0008298,0.1363,0.002309,0.8758,0.9977,0.01733,0.3794,0.2617,0.3047,0.9966,0.03745,0.001194,0.1363,0.0008509,0.8577,0.9986,0.01006,0.3926,0.291,0.3262,0.9988,0.02934,0.0006962,256,7,256,24,6144,3,0.5031,0.04362,0,0.8055,0.9991,0.8758,0.9988,0.2563,0.05273,0.8136,140
145,0.007344,0.0007762,0.003978,0.03954,0.000884,0.009955,0.01685,0.0395,0.07972,0.9984,0.362,1.206,1.279e-05,0.108,0.1363,0.2383,0.291,6144,0,1,1.843e+04,4339,1.409e+04,0.001194,0.8512,0.9984,0.01287,0.3896,0.2793,0.3203,0.9982,0.03923,0.0008268,0.1363,0.002305,0.8776,0.9977,0.01703,0.3795,0.2617,0.3027,0.9966,0.03816,0.001183,0.1363,0.0008515,0.8512,0.9986,0.009856,0.3927,0.293,0.3281,0.9988,0.02932,0.000695,256,7,256,24,6144,3,0.5031,0.04355,0,0.8061,0.9991,0.8776,0.9988,0.2564,0.05469,0.8136,141
146,0.007339,0.0007697,0.003975,0.0396,0.0008743,0.009857,0.01684,0.03956,0.07931,0.9984,0.3622,1.206,1.178e-05,0.1063,0.1363,0.2383,0.291,6144,0,1,1.843e+04,4336,1.41e+04,0.001194,0.8444,0.9984,0.01271,0.3896,0.2793,0.3203,0.9982,0.03874,0.0008263,0.1363,0.002306,0.87,0.9977,0.01749,0.3795,0.2617,0.3047,0.9966,0.03655,0.001163,0.1363,0.0008513,0.8444,0.9986,0.01001,0.3926,0.291,0.3281,0.9988,0.02949,0.0006978,256,7,256,24,6144,3,0.5031,0.0436,0,0.8043,0.9991,0.87,0.9988,0.2564,0.05273,0.8136,142
147,0.007338,0.0007863,0.003978,0.03941,0.0008556,0.009926,0.01686,0.03937,0.07957,0.9985,0.3612,1.206,1.1e-05,0.1047,0.1363,0.2383,0.291,6144,0,1,1.843e+04,4324,1.411e+04,0.001085,0.8426,0.9984,0.01256,0.3896,0.2793,0.3203,0.9984,0.03906,0.0008284,0.1363,0.00185,0.8633,0.9977,0.01722,0.3794,0.2637,0.3027,0.997,0.03621,0.001159,0.1363,0.0008506,0.8426,0.9986,0.009888,0.3927,0.293,0.3281,0.9988,0.02982,0.0006998,256,7,256,24,6144,3,0.5031,0.04354,0,0.8032,0.9991,0.8633,0.9988,0.2564,0.05469,0.8136,143
148,0.007347,0.0007767,0.003978,0.03965,0.0008489,0.009801,0.01679,0.03961,0.0791,0.9985,0.3626,1.206,1.045e-05,0.1031,0.1363,0.2383,0.291,6144,0,1,1.843e+04,4324,1.411e+04,0.001085,0.8418,0.9984,0.01281,0.3896,0.2793,0.3203,0.9984,0.0389,0.0008267,0.1363,0.00185,0.8566,0.9977,0.0173,0.3795,0.2637,0.3027,0.997,0.0374,0.001166,0.1363,0.0008506,0.8418,0.9986,0.01008,0.3927,0.291,0.3281,0.9988,0.02912,0.0006948,256,7,256,24,6144,3,0.5031,0.04353,0,0.8017,0.9991,0.8566,0.9988,0.2564,0.05273,0.8136,144
149,0.007342,0.0007833,0.003978,0.03951,0.0008328,0.009917,0.01682,0.03947,0.07957,0.9985,0.3617,1.206,1.011e-05,0.1015,0.1363,0.2383,0.2902,6144,0,1,1.843e+04,4326,1.411e+04,0.001085,0.8433,0.9984,0.01279,0.3896,0.2793,0.3203,0.9985,0.03939,0.0008285,0.1363,0.001849,0.8634,0.9977,0.01706,0.3794,0.2637,0.3047,0.9974,0.03664,0.001174,0.1363,0.0008507,0.8433,0.9986,0.009927,0.3927,0.291,0.3281,0.9988,0.02981,0.0006937,256,7,256,24,6144,3,0.5031,0.04353,0,0.803,0.9991,0.8634,0.9988,0.2564,0.05273,0.8136,145
150,0.007347,0.0007829,0.003978,0.03959,0.0008168,0.009839,0.01685,0.03956,0.07923,0.9985,0.3622,1.206,1e-05,0.1,0.1363,0.2383,0.291,6144,0,1,1.843e+04,4341,1.409e+04,0.001085,0.8421,0.9984,0.01243,0.3896,0.2793,0.3203,0.9985,0.03939,0.0008321,0.1363,0.001843,0.8688,0.9977,0.01672,0.3796,0.2625,0.3027,0.9974,0.03632,0.001179,0.1363,0.0008516,0.8421,0.9986,0.01003,0.3926,0.291,0.3262,0.9988,0.02997,0.0006986,256,7,256,24,6144,3,0.5031,0.04354,0,0.8041,0.9991,0.8688,0.9988,0.2563,0.05273,0.8136,146
