epoch,train_loss,train_loss_metric,train_loss_teacher_similarity,train_loss_positive_consistency,train_loss_quantization,train_loss_balance,train_loss_decorrelation,train_positive_hamming,train_mean_abs_bit_balance,train_mean_abs_continuous,train_pos_dist,train_neg_dist,train_positive_tail_loss,train_lr,train_temperature,val_pos_mean,val_pos_p95,val_pos_p99,val_valid_anchor_count,val_skipped_anchor_count,val_valid_anchor_ratio,val_fpr_at_tpr95,val_tpr_at_fpr_1e_4,val_roc_auc,val_eer,val_neg_mean,val_neg_p01,val_neg_p05,val_active_triplet_ratio,val_loss,val_batch_count,val_configured_finger_count,val_configured_batch_count,val_configured_batch_size,val_planned_positive_count,val_bit_one_fraction,val_bit_balance_error,val_constant_bit_ratio,val_checkpoint_selection_score,early_stop_best_selection_score,no_improve_epochs
1,0.1757,0.1209,0.001718,0.3015,0.2358,0.004996,0.004946,0.1601,0.05612,0.6199,0.789,1.202,0.008564,0.0005,0.9848,0.1574,0.2793,0.3967,8192,0,1,0.0002907,0.9347,0.9984,0.01615,0.4924,0.3633,0.4062,0.06799,0.003614,256,7,256,32,8192,0.4976,0.05088,0,0.824,0.824,0
2,0.1372,0.1007,0.002323,0.2206,0.1293,0.007384,0.008752,0.1482,0.06864,0.7734,0.7583,1.199,0.00746,0.001,0.9698,0.1584,0.286,0.3947,8192,0,1,0.0003704,0.9313,0.9986,0.01634,0.4929,0.3652,0.4082,0.0675,0.003469,256,7,256,32,8192,0.4956,0.04963,0,0.8229,0.824,1
3,0.1225,0.08858,0.002547,0.2072,0.1162,0.007118,0.009068,0.1428,0.06735,0.7945,0.7437,1.202,0.006946,0.0009999,0.955,0.159,0.2852,0.3926,8192,0,1,0.0003345,0.938,0.9988,0.01567,0.4927,0.3652,0.4102,0.06396,0.003304,256,7,256,32,8192,0.4964,0.04993,0,0.8229,0.824,2
4,0.1092,0.07679,0.002742,0.1982,0.1086,0.007012,0.009184,0.1373,0.0669,0.8068,0.7287,1.207,0.006406,0.0009996,0.9405,0.1598,0.2852,0.3926,8192,0,1,0.0003226,0.9354,0.9989,0.01605,0.4932,0.3672,0.4102,0.06567,0.00339,256,7,256,32,8192,0.4959,0.04865,0,0.8229,0.824,3
5,0.1059,0.07463,0.002962,0.192,0.1025,0.007055,0.009373,0.1345,0.0671,0.8168,0.7206,1.205,0.006321,0.000999,0.9261,0.1597,0.2832,0.3908,8192,0,1,0.0002748,0.9331,0.9989,0.01459,0.4929,0.3672,0.4102,0.06946,0.003309,256,7,256,32,8192,0.4938,0.04918,0,0.8232,0.824,4
6,0.1001,0.06972,0.003183,0.1868,0.09819,0.007169,0.0095,0.1315,0.06763,0.8239,0.712,1.205,0.00605,0.0009982,0.912,0.1599,0.2832,0.3906,8192,0,1,0.000235,0.9417,0.9989,0.01407,0.4931,0.3672,0.4102,0.06677,0.003211,256,7,256,32,8192,0.495,0.04829,0,0.8232,0.824,5
7,0.09516,0.06546,0.003318,0.1824,0.09462,0.007135,0.009615,0.1289,0.06742,0.8298,0.7048,1.206,0.005817,0.0009972,0.8981,0.1601,0.2832,0.3887,8192,0,1,0.0002907,0.9337,0.999,0.01343,0.4937,0.3672,0.4121,0.06555,0.003126,256,7,256,32,8192,0.4949,0.0462,0,0.8233,0.824,6
8,0.09214,0.06294,0.003414,0.1794,0.09214,0.007165,0.009611,0.1272,0.06756,0.8339,0.6998,1.207,0.005608,0.000996,0.8844,0.1604,0.2832,0.3828,8192,0,1,0.0002748,0.9352,0.9991,0.01375,0.4938,0.3672,0.4121,0.06604,0.003048,256,7,256,32,8192,0.4955,0.04581,0,0.8233,0.824,7
9,0.08949,0.06073,0.003511,0.1767,0.08998,0.007181,0.009653,0.1256,0.06767,0.8375,0.695,1.207,0.005534,0.0009945,0.871,0.1612,0.2871,0.3848,8192,0,1,0.0003106,0.9342,0.999,0.01323,0.494,0.3672,0.4121,0.06714,0.003065,256,7,256,32,8192,0.4952,0.04575,0,0.8226,0.824,8
10,0.08706,0.05867,0.003613,0.1744,0.08808,0.007209,0.009722,0.1242,0.06781,0.8407,0.6911,1.207,0.005325,0.0009929,0.8577,0.1609,0.286,0.3848,8192,0,1,0.0003505,0.9282,0.9991,0.01343,0.4932,0.3672,0.4121,0.06616,0.003014,256,7,256,32,8192,0.4955,0.04819,0,0.8226,0.824,9
11,0.08471,0.05661,0.003665,0.1725,0.08673,0.007218,0.009784,0.1229,0.06783,0.843,0.6873,1.208,0.005206,0.000991,0.8446,0.1606,0.2871,0.3809,8192,0,1,0.0002708,0.9314,0.9991,0.01264,0.4934,0.3672,0.4121,0.0647,0.00291,256,7,256,32,8192,0.4945,0.04755,0,0.8226,0.824,10
12,0.08278,0.05499,0.003731,0.1706,0.08526,0.007213,0.009801,0.1217,0.06774,0.8455,0.6837,1.208,0.005048,0.0009889,0.8318,0.1604,0.2852,0.3791,8192,0,1,0.0002628,0.938,0.9991,0.01234,0.4937,0.3672,0.4121,0.06494,0.00293,256,7,256,32,8192,0.4963,0.04697,0,0.823,0.824,11
13,0.08092,0.05342,0.0038,0.1687,0.08386,0.007235,0.009883,0.1205,0.06793,0.8478,0.6801,1.208,0.00496,0.0009866,0.8191,0.161,0.2871,0.377,8192,0,1,0.0003027,0.9315,0.9992,0.0117,0.4939,0.3672,0.4121,0.06543,0.002829,256,7,256,32,8192,0.4958,0.04606,0,0.8226,0.824,12
14,0.07981,0.05252,0.003859,0.1674,0.08282,0.007297,0.009889,0.1198,0.0682,0.8496,0.678,1.208,0.004902,0.000984,0.8066,0.1609,0.2871,0.3791,8192,0,1,0.0003027,0.9338,0.9992,0.01223,0.4937,0.3672,0.4121,0.06555,0.002906,256,7,256,32,8192,0.4953,0.04695,0,0.8226,0.824,13
15,0.07918,0.05204,0.003887,0.1664,0.08201,0.007287,0.009925,0.1191,0.06812,0.851,0.676,1.208,0.004894,0.0009813,0.7943,0.1612,0.2852,0.3809,8192,0,1,0.0003186,0.9316,0.9992,0.01305,0.4936,0.3672,0.4102,0.0675,0.002896,256,7,256,32,8192,0.4961,0.04608,0,0.8228,0.824,14
16,0.07744,0.05047,0.00393,0.1652,0.08137,0.007275,0.009903,0.1181,0.06812,0.852,0.6731,1.209,0.004689,0.0009783,0.7822,0.1609,0.2832,0.3771,8192,0,1,0.0002907,0.9336,0.9993,0.01162,0.494,0.3672,0.4121,0.0658,0.002832,256,7,256,32,8192,0.4975,0.04574,0,0.8233,0.824,15
17,0.07694,0.05011,0.003981,0.1643,0.08061,0.00732,0.009965,0.1176,0.06831,0.8533,0.6716,1.209,0.004706,0.0009751,0.7703,0.1604,0.2821,0.375,8192,0,1,0.0002867,0.9366,0.9992,0.01163,0.4934,0.3672,0.4102,0.06616,0.002829,256,7,256,32,8192,0.4955,0.04745,0,0.8234,0.824,16
18,0.07552,0.04891,0.004015,0.163,0.07966,0.007286,0.01001,0.1167,0.06812,0.855,0.6688,1.209,0.004601,0.0009717,0.7586,0.1608,0.2812,0.381,8192,0,1,0.0002628,0.9351,0.9993,0.01237,0.4933,0.3672,0.4121,0.0675,0.002832,256,7,256,32,8192,0.4954,0.04804,0,0.8235,0.824,17
19,0.07506,0.04857,0.004063,0.1622,0.07897,0.007385,0.01004,0.1163,0.0686,0.8561,0.6675,1.209,0.004594,0.0009681,0.747,0.1607,0.2832,0.3771,8192,0,1,0.0002549,0.9391,0.9992,0.01212,0.4938,0.3672,0.4121,0.06396,0.002774,256,7,256,32,8192,0.4954,0.04621,0,0.8233,0.824,18
20,0.07449,0.04806,0.004094,0.1617,0.07864,0.007393,0.01003,0.116,0.06867,0.8567,0.6666,1.209,0.004544,0.0009643,0.7357,0.1616,0.2871,0.3789,8192,0,1,0.0002947,0.9335,0.9993,0.01172,0.494,0.3672,0.4121,0.06921,0.002775,256,7,256,32,8192,0.4955,0.0454,0,0.8225,0.824,19
21,0.07299,0.04675,0.004126,0.1604,0.07793,0.007438,0.01008,0.1149,0.06882,0.8579,0.6633,1.209,0.004418,0.0009603,0.7244,0.1611,0.2852,0.3789,8192,0,1,0.0003465,0.927,0.9992,0.01213,0.4934,0.3672,0.4102,0.06714,0.002773,256,7,256,32,8192,0.4957,0.04754,0,0.8228,0.824,20
22,0.07218,0.04602,0.004157,0.1598,0.07745,0.007452,0.01012,0.1146,0.06891,0.8587,0.6622,1.209,0.004373,0.0009561,0.7134,0.1612,0.2852,0.375,8192,0,1,0.0003266,0.9252,0.9993,0.01127,0.4938,0.3652,0.4102,0.06763,0.002788,256,7,256,32,8192,0.4957,0.04603,0,0.8229,0.824,21
23,0.07192,0.04583,0.004184,0.1593,0.07712,0.007393,0.01009,0.1142,0.06862,0.8593,0.661,1.209,0.004347,0.0009516,0.7025,0.1611,0.2832,0.3711,8192,0,1,0.0002589,0.9297,0.9993,0.01116,0.4938,0.3652,0.4102,0.06665,0.002667,256,7,256,32,8192,0.4959,0.04565,0,0.8232,0.824,22
24,0.07103,0.0451,0.004213,0.1583,0.07637,0.007444,0.01014,0.1136,0.06887,0.8606,0.6593,1.209,0.004279,0.000947,0.6918,0.1606,0.2812,0.3789,8192,0,1,0.0002668,0.9268,0.9993,0.01174,0.4937,0.3652,0.4102,0.06812,0.002759,256,7,256,32,8192,0.496,0.04676,0,0.8236,0.824,23
25,0.07077,0.04492,0.004234,0.1578,0.076,0.007375,0.01011,0.1133,0.06856,0.8612,0.6581,1.209,0.004269,0.0009422,0.6813,0.1608,0.2832,0.3693,8192,0,1,0.0003385,0.928,0.9994,0.0107,0.4943,0.3672,0.4102,0.06812,0.002642,256,7,256,32,8192,0.4959,0.04414,0,0.8234,0.824,24
26,0.07035,0.04452,0.004251,0.1577,0.07591,0.00739,0.01012,0.1131,0.06864,0.8613,0.6576,1.209,0.004241,0.0009371,0.6709,0.1606,0.2832,0.373,8192,0,1,0.0002748,0.9254,0.9993,0.01127,0.4934,0.3652,0.4102,0.06909,0.00273,256,7,256,32,8192,0.4955,0.04756,0,0.8233,0.824,25
27,0.07029,0.04456,0.004285,0.157,0.07539,0.007404,0.01013,0.1128,0.06869,0.8623,0.6565,1.209,0.00427,0.0009319,0.6607,0.1606,0.2812,0.3674,8192,0,1,0.0002708,0.934,0.9994,0.0104,0.4935,0.3652,0.4102,0.06616,0.002608,256,7,256,32,8192,0.4956,0.04776,0,0.8236,0.824,26
28,0.0695,0.04383,0.004317,0.1565,0.07503,0.007392,0.01014,0.1124,0.06864,0.8629,0.6553,1.209,0.004177,0.0009265,0.6506,0.1605,0.2832,0.373,8192,0,1,0.0002907,0.9344,0.9994,0.01139,0.4937,0.3652,0.4102,0.06604,0.002728,256,7,256,32,8192,0.4951,0.04632,0,0.8233,0.824,27
29,0.06836,0.04288,0.004341,0.1553,0.07427,0.00741,0.0102,0.1116,0.06873,0.8642,0.6529,1.209,0.004117,0.0009209,0.6407,0.1605,0.2832,0.3713,8192,0,1,0.0003027,0.9312,0.9994,0.01099,0.4938,0.3652,0.4102,0.06677,0.002587,256,7,256,32,8192,0.4951,0.04624,0,0.8234,0.824,28
30,0.06793,0.04254,0.004369,0.1547,0.07388,0.007427,0.01021,0.1111,0.06883,0.8648,0.6515,1.209,0.004065,0.0009151,0.631,0.1608,0.2832,0.3674,8192,0,1,0.0002828,0.9301,0.9994,0.01041,0.4937,0.3652,0.4102,0.06689,0.002573,256,7,256,32,8192,0.495,0.04674,0,0.8233,0.824,29
31,0.06777,0.04248,0.0044,0.1541,0.07328,0.007459,0.01023,0.1109,0.06896,0.8659,0.6506,1.209,0.004062,0.0009091,0.6214,0.1612,0.2832,0.373,8192,0,1,0.0002788,0.9337,0.9995,0.01135,0.4941,0.3672,0.4102,0.06677,0.002542,256,7,256,32,8192,0.495,0.04538,0,0.8233,0.824,30
32,0.06754,0.04229,0.004419,0.1538,0.07306,0.007483,0.01023,0.1107,0.06912,0.8663,0.65,1.209,0.004054,0.000903,0.6119,0.1608,0.2812,0.373,8192,0,1,0.000235,0.9323,0.9994,0.01108,0.4937,0.3652,0.4102,0.06763,0.002553,256,7,256,32,8192,0.4959,0.04632,0,0.8236,0.824,31
33,0.06727,0.04203,0.004405,0.1537,0.0731,0.007492,0.01026,0.1105,0.06909,0.8662,0.6495,1.209,0.004011,0.0008966,0.6026,0.1609,0.2852,0.3691,8192,0,1,0.0003425,0.9304,0.9995,0.01074,0.4945,0.3672,0.4102,0.06555,0.002555,256,7,256,32,8192,0.4954,0.04369,0,0.8231,0.824,32
34,0.06664,0.04152,0.004439,0.1529,0.07256,0.007523,0.01027,0.1101,0.06927,0.8672,0.6481,1.209,0.00395,0.0008901,0.5934,0.1607,0.2832,0.3633,8192,0,1,0.0003465,0.9304,0.9995,0.009755,0.4939,0.3652,0.4102,0.06738,0.002477,256,7,256,32,8192,0.4951,0.04604,0,0.8234,0.824,33
35,0.06637,0.04129,0.004456,0.1526,0.07234,0.007514,0.01025,0.1098,0.06917,0.8675,0.6472,1.209,0.003969,0.0008834,0.5843,0.1603,0.2852,0.3672,8192,0,1,0.0003465,0.9354,0.9994,0.01049,0.4941,0.3652,0.4102,0.06909,0.002581,256,7,256,32,8192,0.4944,0.04501,0,0.8232,0.824,34
36,0.06547,0.04054,0.004489,0.1516,0.07169,0.007523,0.01032,0.1092,0.06933,0.8687,0.6453,1.209,0.003859,0.0008766,0.5754,0.1603,0.2812,0.3672,8192,0,1,0.0002589,0.9316,0.9995,0.01038,0.4938,0.3652,0.4102,0.06738,0.002497,256,7,256,32,8192,0.4947,0.04622,0,0.8237,0.824,35
37,0.06562,0.04073,0.004521,0.1513,0.07138,0.007579,0.01033,0.1091,0.0695,0.8692,0.6449,1.209,0.00392,0.0008696,0.5667,0.1604,0.2802,0.3654,8192,0,1,0.0002987,0.9299,0.9995,0.0102,0.4942,0.3652,0.4102,0.06653,0.002476,256,7,256,32,8192,0.4956,0.04535,0,0.824,0.824,36
38,0.06461,0.03981,0.004528,0.1507,0.07105,0.007494,0.01032,0.1085,0.06908,0.8698,0.6432,1.209,0.003788,0.0008624,0.558,0.1611,0.2832,0.373,8192,0,1,0.0003067,0.9293,0.9994,0.01092,0.4941,0.3652,0.4102,0.06738,0.002515,256,7,256,32,8192,0.4956,0.0451,0,0.8233,0.824,37
39,0.06459,0.03987,0.00453,0.1503,0.07076,0.007531,0.01034,0.1084,0.06928,0.8703,0.6428,1.209,0.00378,0.000855,0.5495,0.1608,0.2832,0.3652,8192,0,1,0.0003027,0.9329,0.9995,0.01021,0.4942,0.3652,0.4102,0.06567,0.002455,256,7,256,32,8192,0.4958,0.0452,0,0.8234,0.824,38
40,0.06415,0.03948,0.004555,0.1498,0.07045,0.007579,0.01037,0.1081,0.06952,0.8708,0.6416,1.209,0.003761,0.0008475,0.5412,0.1609,0.2832,0.3633,8192,0,1,0.0003186,0.9288,0.9995,0.009758,0.4941,0.3652,0.4102,0.06738,0.002456,256,7,256,32,8192,0.4958,0.04562,0,0.8234,0.824,39
41,0.0638,0.03918,0.004586,0.1495,0.07016,0.007625,0.01034,0.1079,0.06974,0.8713,0.6411,1.209,0.003742,0.0008399,0.5329,0.1604,0.2812,0.3674,8192,0,1,0.0003186,0.9348,0.9995,0.01076,0.4939,0.3652,0.4102,0.06812,0.002524,256,7,256,32,8192,0.4959,0.04508,0,0.8237,0.824,40
42,0.06322,0.0387,0.004586,0.1489,0.06976,0.007567,0.01039,0.1075,0.06947,0.872,0.6399,1.209,0.003692,0.000832,0.5248,0.1603,0.2832,0.3652,8192,0,1,0.0003385,0.9286,0.9995,0.01029,0.4937,0.3633,0.4082,0.06738,0.002462,256,7,256,32,8192,0.4953,0.04672,0,0.8234,0.824,41
43,0.06304,0.03854,0.004607,0.1487,0.06966,0.007617,0.01038,0.1074,0.06973,0.8722,0.6395,1.209,0.003668,0.0008241,0.5168,0.1605,0.2812,0.3691,8192,0,1,0.0002549,0.9298,0.9995,0.01046,0.4942,0.3652,0.4102,0.06641,0.002424,256,7,256,32,8192,0.4955,0.04434,0,0.8238,0.824,42
44,0.06303,0.03859,0.004621,0.1484,0.06937,0.007604,0.01039,0.1071,0.06968,0.8727,0.6385,1.209,0.003688,0.000816,0.5089,0.1601,0.2793,0.3633,8192,0,1,0.0002589,0.9376,0.9995,0.009734,0.4938,0.3652,0.4102,0.06653,0.002394,256,7,256,32,8192,0.4953,0.04635,0,0.8241,0.824,43
45,0.06279,0.03842,0.00464,0.1479,0.06902,0.007607,0.0104,0.1069,0.06959,0.8733,0.6379,1.209,0.003695,0.0008077,0.5012,0.1603,0.2793,0.3613,8192,0,1,0.0002111,0.9342,0.9996,0.009585,0.4941,0.3633,0.4102,0.0658,0.002326,256,7,256,32,8192,0.4956,0.04582,0,0.8242,0.824,44
46,0.06246,0.03811,0.004652,0.1477,0.06887,0.007574,0.01038,0.1068,0.06953,0.8736,0.6374,1.21,0.003679,0.0007994,0.4936,0.1601,0.2793,0.3672,8192,0,1,0.0002509,0.9314,0.9995,0.01074,0.494,0.3633,0.4082,0.06445,0.002426,256,7,256,32,8192,0.4957,0.04487,0,0.8241,0.824,45
47,0.06239,0.03806,0.004655,0.1477,0.06882,0.007643,0.01042,0.1067,0.06984,0.8737,0.6373,1.21,0.00364,0.0007908,0.486,0.1601,0.2793,0.3654,8192,0,1,0.0002867,0.9323,0.9995,0.01037,0.494,0.3633,0.4102,0.06641,0.002441,256,7,256,32,8192,0.4945,0.04529,0,0.8241,0.824,46
48,0.06158,0.03739,0.004671,0.1467,0.06821,0.00762,0.01042,0.1061,0.0697,0.8747,0.6353,1.209,0.003555,0.0007822,0.4786,0.1604,0.2832,0.3672,8192,0,1,0.0003146,0.9294,0.9995,0.01042,0.4942,0.3652,0.4102,0.06775,0.002441,256,7,256,32,8192,0.496,0.04483,0,0.8235,0.824,47
49,0.06127,0.03715,0.004689,0.1462,0.06788,0.007667,0.01044,0.1059,0.06993,0.8753,0.6346,1.209,0.00356,0.0007734,0.4713,0.1604,0.2812,0.3672,8192,0,1,0.0003385,0.9291,0.9995,0.01039,0.4941,0.3633,0.4102,0.06763,0.00243,256,7,256,32,8192,0.4956,0.04465,0,0.8238,0.824,48
50,0.06155,0.03741,0.004707,0.1463,0.06784,0.007613,0.01046,0.106,0.06968,0.8754,0.6347,1.209,0.003563,0.0007645,0.4642,0.1603,0.2812,0.3633,8192,0,1,0.0002867,0.9323,0.9995,0.01008,0.4938,0.3633,0.4082,0.06665,0.002403,256,7,256,32,8192,0.4951,0.04636,0,0.8238,0.824,49
51,0.06105,0.03701,0.004721,0.1457,0.06743,0.007627,0.01046,0.1055,0.06972,0.8761,0.6333,1.21,0.003551,0.0007555,0.4571,0.1604,0.2832,0.3633,8192,0,1,0.0003027,0.9277,0.9995,0.009962,0.4941,0.3633,0.4102,0.06714,0.002382,256,7,256,32,8192,0.4953,0.04528,0,0.8235,0.824,50
52,0.0613,0.03721,0.004729,0.1461,0.06762,0.007609,0.01044,0.1058,0.06965,0.8758,0.6344,1.209,0.003543,0.0007464,0.4501,0.1607,0.2812,0.3691,8192,0,1,0.0002947,0.9272,0.9995,0.0106,0.4942,0.3633,0.4102,0.06677,0.00248,256,7,256,32,8192,0.4953,0.04447,0,0.8237,0.824,51
53,0.06037,0.03642,0.004737,0.1451,0.0671,0.0077,0.01049,0.1051,0.07005,0.8767,0.632,1.209,0.003482,0.0007372,0.4433,0.1603,0.2832,0.3652,8192,0,1,0.0003783,0.9296,0.9995,0.01026,0.4938,0.3633,0.4102,0.06702,0.00239,256,7,256,32,8192,0.4958,0.04631,0,0.8234,0.824,52
54,0.06039,0.03647,0.004757,0.1449,0.0669,0.007652,0.01048,0.105,0.06985,0.877,0.6316,1.209,0.00347,0.0007279,0.4365,0.1602,0.2832,0.3652,8192,0,1,0.0002867,0.9329,0.9995,0.01017,0.4942,0.3633,0.4102,0.06726,0.002385,256,7,256,32,8192,0.4962,0.04516,0,0.8236,0.824,53
55,0.05981,0.03603,0.004771,0.144,0.06625,0.007726,0.01053,0.1045,0.07024,0.8782,0.6299,1.209,0.003403,0.0007184,0.4299,0.1609,0.2832,0.3635,8192,0,1,0.0003106,0.9321,0.9995,0.01007,0.4942,0.3633,0.4102,0.06946,0.002437,256,7,256,32,8192,0.4964,0.04497,0,0.8234,0.824,54
56,0.05963,0.03583,0.004787,0.1441,0.06628,0.007738,0.01049,0.1046,0.07025,0.8781,0.6302,1.21,0.003451,0.0007089,0.4233,0.1602,0.2812,0.3633,8192,0,1,0.0003067,0.9293,0.9995,0.01006,0.4943,0.3633,0.4082,0.06812,0.002394,256,7,256,32,8192,0.4956,0.04455,0,0.8239,0.824,55
57,0.05919,0.03545,0.004775,0.1437,0.06615,0.007684,0.01051,0.1041,0.07001,0.8783,0.6289,1.21,0.003371,0.0006993,0.4169,0.1607,0.2812,0.3652,8192,0,1,0.0002867,0.927,0.9995,0.01029,0.4941,0.3633,0.4102,0.06689,0.002419,256,7,256,32,8192,0.4963,0.04528,0,0.8237,0.824,56
58,0.05951,0.0358,0.00479,0.1436,0.06592,0.00771,0.01052,0.1043,0.07014,0.8788,0.6292,1.21,0.003444,0.0006896,0.4105,0.1604,0.2812,0.3633,8192,0,1,0.0002947,0.9307,0.9996,0.009805,0.494,0.3652,0.4082,0.0658,0.00233,256,7,256,32,8192,0.4958,0.04536,0,0.8238,0.824,57
59,0.05957,0.03586,0.004797,0.1436,0.06589,0.007666,0.01052,0.1043,0.06995,0.8788,0.6294,1.209,0.003431,0.0006798,0.4043,0.1604,0.2812,0.3594,8192,0,1,0.0002549,0.9318,0.9996,0.009369,0.4941,0.3633,0.4082,0.06494,0.002261,256,7,256,32,8192,0.496,0.04532,0,0.8238,0.824,58
60,0.05826,0.0347,0.004813,0.1426,0.06532,0.007688,0.01057,0.1035,0.07004,0.8798,0.6266,1.21,0.003325,0.0006699,0.3981,0.16,0.2832,0.3594,8192,0,1,0.0003744,0.9308,0.9996,0.009299,0.4943,0.3633,0.4082,0.06787,0.002338,256,7,256,32,8192,0.496,0.04462,0,0.8236,0.824,59
61,0.05848,0.03495,0.004834,0.1423,0.06512,0.007736,0.01058,0.1034,0.07026,0.8802,0.6264,1.21,0.003336,0.00066,0.392,0.1602,0.2812,0.3633,8192,0,1,0.0003146,0.9298,0.9996,0.009982,0.4943,0.3633,0.4082,0.06824,0.002391,256,7,256,32,8192,0.4954,0.04479,0,0.8239,0.824,60
62,0.05839,0.03489,0.004845,0.1421,0.06496,0.007767,0.01056,0.1033,0.07041,0.8805,0.6261,1.209,0.003349,0.00065,0.3861,0.1603,0.2812,0.3594,8192,0,1,0.0003186,0.9275,0.9996,0.009687,0.4941,0.3633,0.4082,0.06812,0.002304,256,7,256,32,8192,0.4955,0.04511,0,0.8238,0.824,61
63,0.05836,0.03489,0.004861,0.1419,0.06475,0.007684,0.01054,0.1033,0.06997,0.8808,0.6259,1.209,0.003299,0.0006399,0.3802,0.1597,0.2812,0.3594,8192,0,1,0.0003146,0.9282,0.9996,0.009397,0.4939,0.3633,0.4082,0.06641,0.002363,256,7,256,32,8192,0.4958,0.04582,0,0.8239,0.824,62
64,0.05824,0.03481,0.004855,0.1417,0.06459,0.00775,0.01057,0.1031,0.07029,0.8811,0.6254,1.209,0.00334,0.0006297,0.3744,0.1612,0.2832,0.3615,8192,0,1,0.0003345,0.9281,0.9996,0.009628,0.4947,0.3652,0.4102,0.06665,0.002253,256,7,256,32,8192,0.4964,0.04274,0,0.8235,0.824,63
65,0.05768,0.03433,0.004864,0.1412,0.06425,0.007741,0.01056,0.1029,0.07028,0.8817,0.6247,1.21,0.003282,0.0006195,0.3687,0.1603,0.2812,0.3633,8192,0,1,0.0002788,0.929,0.9995,0.009901,0.4943,0.3633,0.4082,0.06616,0.002319,256,7,256,32,8192,0.4955,0.04489,0,0.8239,0.824,64
66,0.05745,0.03412,0.004877,0.141,0.06421,0.007695,0.0106,0.1025,0.07006,0.8817,0.6236,1.209,0.003247,0.0006093,0.3631,0.1605,0.2793,0.3594,8192,0,1,0.0002628,0.9363,0.9996,0.009609,0.494,0.3633,0.4082,0.06763,0.002302,256,7,256,32,8192,0.4963,0.04569,0,0.8241,0.824,65
67,0.05717,0.03389,0.004881,0.1407,0.06396,0.00773,0.01057,0.1025,0.07019,0.8822,0.6234,1.21,0.003247,0.000599,0.3576,0.1604,0.2812,0.3633,8192,0,1,0.0003584,0.934,0.9995,0.01007,0.4942,0.3633,0.4082,0.06628,0.002285,256,7,256,32,8192,0.4956,0.04498,0,0.8238,0.824,66
68,0.05726,0.03404,0.004894,0.1404,0.06368,0.007779,0.0106,0.1023,0.07047,0.8827,0.6226,1.21,0.003254,0.0005887,0.3521,0.1608,0.2812,0.3596,8192,0,1,0.0002867,0.9319,0.9995,0.009722,0.4944,0.3633,0.4102,0.0675,0.002266,256,7,256,32,8192,0.4956,0.04399,0,0.8238,0.824,67
69,0.05701,0.03379,0.004901,0.1404,0.06367,0.007754,0.01061,0.1023,0.07033,0.8827,0.6227,1.21,0.003236,0.0005783,0.3467,0.1605,0.2793,0.3615,8192,0,1,0.0002907,0.923,0.9995,0.009971,0.4941,0.3633,0.4082,0.06592,0.002279,256,7,256,32,8192,0.4955,0.04547,0,0.8241,0.824,68
70,0.05633,0.03325,0.004914,0.1394,0.06308,0.00782,0.01067,0.1016,0.07063,0.8838,0.6204,1.21,0.003209,0.0005679,0.3415,0.1603,0.2793,0.3596,8192,0,1,0.0002748,0.9297,0.9996,0.009532,0.494,0.3633,0.4082,0.06506,0.002259,256,7,256,32,8192,0.4959,0.04572,0,0.8241,0.824,69
71,0.0567,0.0336,0.004928,0.1396,0.06306,0.007812,0.01063,0.102,0.07059,0.8838,0.6216,1.21,0.003252,0.0005574,0.3363,0.1607,0.2793,0.3615,8192,0,1,0.0002788,0.9374,0.9996,0.009713,0.4943,0.3633,0.4102,0.06653,0.002264,256,7,256,32,8192,0.4964,0.04446,0,0.8241,0.824,70
72,0.05619,0.03317,0.004931,0.1391,0.06273,0.00775,0.01063,0.1015,0.07028,0.8844,0.6202,1.21,0.003178,0.000547,0.3311,0.1601,0.2793,0.3576,8192,0,1,0.0002828,0.9387,0.9996,0.009203,0.4941,0.3633,0.4082,0.0675,0.002307,256,7,256,32,8192,0.4957,0.04487,0,0.8242,0.824,71
73,0.056,0.03301,0.004942,0.1389,0.06262,0.007746,0.01066,0.1015,0.07031,0.8846,0.6199,1.21,0.003167,0.0005365,0.3261,0.1608,0.2812,0.3613,8192,0,1,0.0003226,0.9332,0.9996,0.009565,0.4942,0.3633,0.4082,0.06726,0.002321,256,7,256,32,8192,0.4955,0.04481,0,0.8237,0.824,72
74,0.05616,0.03317,0.004939,0.1389,0.06264,0.007765,0.01063,0.1014,0.07037,0.8846,0.6198,1.21,0.00319,0.000526,0.3211,0.1604,0.2812,0.3615,8192,0,1,0.0002708,0.933,0.9996,0.009891,0.4944,0.3633,0.4082,0.06616,0.002282,256,7,256,32,8192,0.4954,0.04432,0,0.8239,0.824,73
75,0.0558,0.03289,0.00496,0.1383,0.06226,0.007833,0.01069,0.1011,0.07069,0.8853,0.6185,1.21,0.00314,0.0005155,0.3162,0.1606,0.2793,0.3613,8192,0,1,0.0002867,0.9276,0.9996,0.009575,0.4945,0.3633,0.4102,0.06677,0.002267,256,7,256,32,8192,0.496,0.04374,0,0.8242,0.824,74
76,0.05514,0.03231,0.004953,0.1379,0.06199,0.007846,0.01069,0.1008,0.07075,0.8857,0.6176,1.21,0.003086,0.000505,0.3114,0.1603,0.2821,0.3594,8192,0,1,0.0003584,0.9344,0.9996,0.009502,0.4939,0.3613,0.4082,0.06909,0.00233,256,7,256,32,8192,0.4959,0.04549,0,0.8237,0.824,75
77,0.0553,0.03248,0.004971,0.1379,0.0618,0.007737,0.01069,0.1009,0.07025,0.886,0.6179,1.21,0.003124,0.0004945,0.3067,0.1601,0.2812,0.3615,8192,0,1,0.0002987,0.9359,0.9996,0.01007,0.494,0.3613,0.4082,0.06555,0.002321,256,7,256,32,8192,0.4958,0.04553,0,0.8238,0.824,76
78,0.05522,0.03247,0.004983,0.1374,0.06152,0.00783,0.01068,0.1005,0.07067,0.8865,0.6166,1.21,0.003109,0.000484,0.302,0.1604,0.2793,0.3574,8192,0,1,0.0002987,0.9323,0.9996,0.009521,0.494,0.3613,0.4082,0.0675,0.002233,256,7,256,32,8192,0.4948,0.04511,0,0.8241,0.824,77
79,0.05482,0.03209,0.004985,0.1372,0.06148,0.007797,0.01071,0.1004,0.07051,0.8866,0.6165,1.21,0.003067,0.0004735,0.2974,0.1606,0.2812,0.3613,8192,0,1,0.0002788,0.9363,0.9996,0.009906,0.4942,0.3613,0.4082,0.06824,0.002338,256,7,256,32,8192,0.4952,0.0448,0,0.8238,0.824,78
80,0.05483,0.03217,0.004981,0.1369,0.06118,0.007777,0.01076,0.1002,0.07043,0.8871,0.6158,1.21,0.003074,0.000463,0.2929,0.1602,0.2793,0.3594,8192,0,1,0.0002947,0.9346,0.9996,0.009593,0.494,0.3633,0.4082,0.0697,0.002293,256,7,256,32,8192,0.4956,0.04547,0,0.8241,0.824,79
81,0.05477,0.03211,0.004991,0.1368,0.06111,0.007818,0.01069,0.1002,0.07064,0.8873,0.6157,1.21,0.003075,0.0004526,0.2884,0.1608,0.2812,0.3613,8192,0,1,0.0002987,0.9344,0.9996,0.009638,0.4943,0.3633,0.4082,0.06763,0.002304,256,7,256,32,8192,0.4959,0.04437,0,0.8238,0.824,80
82,0.054,0.03143,0.005012,0.1362,0.06076,0.007839,0.01073,0.09976,0.07069,0.8879,0.6142,1.21,0.003032,0.0004421,0.284,0.1607,0.2793,0.3574,8192,0,1,0.0002748,0.9259,0.9996,0.009294,0.4944,0.3633,0.4082,0.06738,0.00224,256,7,256,32,8192,0.4953,0.04407,0,0.8241,0.824,81
83,0.05467,0.03205,0.005012,0.1366,0.06088,0.007787,0.01072,0.1002,0.07047,0.8877,0.6156,1.21,0.003074,0.0004317,0.2797,0.1603,0.2812,0.3556,8192,0,1,0.0002947,0.9274,0.9996,0.00906,0.4945,0.3633,0.4082,0.06702,0.002232,256,7,256,32,8192,0.4956,0.04358,0,0.8239,0.824,82
84,0.05394,0.03145,0.005024,0.1357,0.06035,0.007868,0.01072,0.0995,0.07084,0.8886,0.6133,1.21,0.003007,0.0004214,0.2754,0.1602,0.2812,0.3574,8192,0,1,0.000235,0.9305,0.9996,0.009332,0.4942,0.3633,0.4082,0.0675,0.002223,256,7,256,32,8192,0.4957,0.04447,0,0.8239,0.824,83
85,0.054,0.03152,0.005021,0.1357,0.06029,0.007784,0.01076,0.09959,0.07044,0.8887,0.6134,1.21,0.003053,0.000411,0.2712,0.1605,0.2793,0.3555,8192,0,1,0.000227,0.9315,0.9996,0.00877,0.4943,0.3633,0.4082,0.06702,0.002225,256,7,256,32,8192,0.4958,0.04443,0,0.8242,0.824,84
86,0.05399,0.03152,0.005019,0.1356,0.06025,0.00787,0.01077,0.09952,0.07084,0.8888,0.6132,1.21,0.003022,0.0004007,0.2671,0.1606,0.2812,0.3594,8192,0,1,0.0002828,0.9314,0.9996,0.009536,0.4944,0.3633,0.4082,0.06726,0.002274,256,7,256,32,8192,0.496,0.04439,0,0.8238,0.824,85
87,0.05362,0.03124,0.005043,0.1351,0.05982,0.007876,0.01077,0.09927,0.07085,0.8895,0.6125,1.21,0.003005,0.0003905,0.263,0.1605,0.2812,0.3555,8192,0,1,0.0002947,0.9335,0.9996,0.008832,0.4941,0.3633,0.4082,0.06909,0.002214,256,7,256,32,8192,0.4955,0.04536,0,0.8238,0.824,86
88,0.05346,0.03109,0.005065,0.1349,0.05969,0.007833,0.01072,0.09918,0.0707,0.8898,0.6121,1.21,0.003002,0.0003803,0.259,0.1601,0.2793,0.3555,8192,0,1,0.0003385,0.9325,0.9996,0.008993,0.4942,0.3613,0.4082,0.06714,0.002253,256,7,256,32,8192,0.4951,0.04456,0,0.8242,0.824,87
89,0.05312,0.03077,0.005047,0.1348,0.05971,0.007921,0.0108,0.09903,0.07108,0.8898,0.6116,1.21,0.002962,0.0003701,0.2551,0.1603,0.2812,0.3555,8192,0,1,0.0003266,0.9301,0.9996,0.008895,0.4936,0.3613,0.4082,0.07019,0.002216,256,7,256,32,8192,0.495,0.04676,0,0.8238,0.824,88
90,0.05302,0.03077,0.005065,0.1342,0.05928,0.00793,0.01082,0.09869,0.07114,0.8905,0.6105,1.21,0.002933,0.0003601,0.2512,0.1604,0.2812,0.3574,8192,0,1,0.0003704,0.9301,0.9996,0.009079,0.4941,0.3633,0.4082,0.06836,0.002238,256,7,256,32,8192,0.496,0.04483,0,0.8238,0.824,89
91,0.0531,0.03087,0.005061,0.1341,0.05914,0.007941,0.01082,0.09868,0.07112,0.8908,0.6103,1.21,0.002979,0.00035,0.2474,0.161,0.2812,0.3555,8192,0,1,0.0003146,0.9312,0.9996,0.009062,0.4944,0.3633,0.4082,0.06812,0.002191,256,7,256,32,8192,0.4955,0.04378,0,0.8238,0.824,90
92,0.05265,0.03045,0.005072,0.1339,0.05897,0.007795,0.01077,0.09864,0.07048,0.8911,0.6104,1.21,0.002929,0.0003401,0.2436,0.1608,0.2812,0.3556,8192,0,1,0.0002708,0.9338,0.9996,0.009228,0.4941,0.3613,0.4082,0.0647,0.002258,256,7,256,32,8192,0.4949,0.04519,0,0.8238,0.824,91
93,0.05255,0.03042,0.005075,0.1335,0.05874,0.007796,0.01079,0.09832,0.07047,0.8915,0.609,1.21,0.002947,0.0003302,0.2399,0.1607,0.2812,0.3555,8192,0,1,0.0003106,0.9333,0.9996,0.008691,0.4941,0.3613,0.4082,0.0697,0.002219,256,7,256,32,8192,0.4959,0.04481,0,0.8238,0.824,92
94,0.05254,0.03041,0.005087,0.1335,0.05869,0.007879,0.01082,0.09836,0.07089,0.8916,0.6093,1.21,0.002936,0.0003204,0.2362,0.1608,0.2793,0.3574,8192,0,1,0.0002907,0.9327,0.9996,0.009033,0.4944,0.3613,0.4082,0.06812,0.002174,256,7,256,32,8192,0.4954,0.04397,0,0.8241,0.824,93
95,0.05253,0.03043,0.005084,0.1333,0.05854,0.007891,0.01083,0.09824,0.07092,0.8918,0.6087,1.21,0.002929,0.0003107,0.2326,0.1605,0.2793,0.3555,8192,0,1,0.0003067,0.9354,0.9996,0.00908,0.4941,0.3613,0.4082,0.06616,0.002205,256,7,256,32,8192,0.4957,0.04517,0,0.8241,0.824,94
96,0.05226,0.03017,0.005098,0.1332,0.05845,0.007867,0.01086,0.09823,0.07084,0.892,0.6088,1.21,0.002942,0.0003011,0.2291,0.1607,0.2812,0.3555,8192,0,1,0.0003345,0.9309,0.9996,0.00865,0.4941,0.3633,0.4082,0.06848,0.002227,256,7,256,32,8192,0.4954,0.04532,0,0.8238,0.824,95
97,0.05199,0.02999,0.005097,0.1327,0.05818,0.007811,0.01085,0.09785,0.0706,0.8925,0.6075,1.21,0.00288,0.0002916,0.2256,0.1611,0.2812,0.3555,8192,0,1,0.0002907,0.9354,0.9996,0.008804,0.4942,0.3633,0.4082,0.06812,0.002246,256,7,256,32,8192,0.4951,0.04466,0,0.8237,0.824,96
98,0.0521,0.0301,0.005096,0.1326,0.05808,0.0078,0.01086,0.09793,0.07055,0.8927,0.6078,1.21,0.002882,0.0002822,0.2222,0.1608,0.2812,0.3574,8192,0,1,0.0002947,0.9355,0.9996,0.009137,0.4943,0.3613,0.4082,0.06799,0.002267,256,7,256,32,8192,0.4954,0.0444,0,0.8238,0.824,97
99,0.05167,0.02969,0.005101,0.1325,0.05804,0.007854,0.01086,0.09781,0.07074,0.8928,0.6075,1.21,0.00285,0.0002728,0.2188,0.161,0.2812,0.3574,8192,0,1,0.0003146,0.938,0.9996,0.009061,0.4943,0.3613,0.4082,0.06848,0.002237,256,7,256,32,8192,0.4952,0.04465,0,0.8238,0.824,98
100,0.05151,0.02963,0.005122,0.1319,0.05749,0.007999,0.01089,0.0975,0.07141,0.8938,0.6064,1.21,0.002853,0.0002636,0.2154,0.1607,0.2832,0.3555,8192,0,1,0.0003744,0.9357,0.9996,0.009001,0.4945,0.3633,0.4082,0.06921,0.002223,256,7,256,32,8192,0.4957,0.04381,0,0.8235,0.824,99
101,0.05165,0.0298,0.005121,0.1318,0.05742,0.007908,0.01087,0.09745,0.07099,0.8939,0.606,1.21,0.002901,0.0002545,0.2122,0.1608,0.2812,0.3517,8192,0,1,0.0003305,0.9304,0.9996,0.008635,0.4943,0.3633,0.4082,0.06738,0.002178,256,7,256,32,8192,0.4951,0.0446,0,0.8238,0.824,100
102,0.05123,0.02943,0.005136,0.1314,0.05708,0.007917,0.01089,0.09736,0.07107,0.8945,0.6058,1.21,0.002845,0.0002455,0.2089,0.1607,0.2812,0.3535,8192,0,1,0.0002748,0.9343,0.9996,0.009045,0.4945,0.3633,0.4082,0.06653,0.002187,256,7,256,32,8192,0.4953,0.04354,0,0.8239,0.824,101
103,0.05148,0.02968,0.005129,0.1315,0.05716,0.007912,0.01089,0.09737,0.07105,0.8944,0.6059,1.21,0.002851,0.0002366,0.2057,0.1608,0.2812,0.3535,8192,0,1,0.0002867,0.9352,0.9996,0.008613,0.4943,0.3633,0.4082,0.06567,0.002207,256,7,256,32,8192,0.496,0.04424,0,0.8238,0.824,102
104,0.05117,0.02939,0.005133,0.1314,0.05706,0.007904,0.01089,0.09727,0.07098,0.8945,0.6055,1.21,0.002836,0.0002278,0.2026,0.1598,0.2793,0.3555,8192,0,1,0.0003226,0.9349,0.9996,0.008874,0.4938,0.3613,0.4082,0.06799,0.002203,256,7,256,32,8192,0.4956,0.04591,0,0.8242,0.824,103
105,0.05108,0.02932,0.005141,0.1312,0.05695,0.007927,0.01089,0.09715,0.07103,0.8947,0.6052,1.21,0.002817,0.0002192,0.1995,0.1606,0.2812,0.3535,8192,0,1,0.0003266,0.9276,0.9996,0.008836,0.494,0.3633,0.4082,0.06873,0.002193,256,7,256,32,8192,0.4955,0.04485,0,0.8238,0.824,104
106,0.05073,0.02903,0.00514,0.1308,0.0567,0.00784,0.01089,0.097,0.07075,0.8952,0.6047,1.21,0.002798,0.0002107,0.1965,0.1609,0.2821,0.3535,8192,0,1,0.0003704,0.9301,0.9996,0.008363,0.4941,0.3633,0.4082,0.06726,0.002216,256,7,256,32,8192,0.4956,0.04515,0,0.8236,0.824,105
107,0.05038,0.02875,0.005147,0.1304,0.0564,0.007969,0.01093,0.09672,0.07132,0.8957,0.6037,1.21,0.002775,0.0002023,0.1935,0.1606,0.2812,0.3537,8192,0,1,0.0002987,0.9353,0.9996,0.008871,0.4942,0.3613,0.4082,0.06653,0.002159,256,7,256,32,8192,0.4957,0.04477,0,0.8238,0.824,106
108,0.05093,0.0293,0.005142,0.1305,0.05637,0.007933,0.01096,0.09694,0.0711,0.8958,0.6044,1.21,0.002823,0.000194,0.1905,0.1609,0.2812,0.3498,8192,0,1,0.0003266,0.933,0.9996,0.008607,0.4943,0.3633,0.4082,0.06726,0.002163,256,7,256,32,8192,0.4956,0.04463,0,0.8238,0.824,107
109,0.05056,0.02898,0.005157,0.1301,0.05616,0.00791,0.01096,0.09663,0.07101,0.8962,0.6033,1.21,0.002791,0.0001859,0.1876,0.1606,0.2793,0.3517,8192,0,1,0.0002589,0.9302,0.9996,0.008483,0.4941,0.3633,0.4082,0.06592,0.00216,256,7,256,32,8192,0.4955,0.04524,0,0.8241,0.824,108
110,0.05018,0.02865,0.005147,0.1298,0.05597,0.007911,0.01094,0.0964,0.07104,0.8965,0.6026,1.21,0.002753,0.000178,0.1848,0.1606,0.2812,0.3555,8192,0,1,0.0002987,0.9332,0.9996,0.008692,0.4941,0.3633,0.4082,0.06787,0.002214,256,7,256,32,8192,0.4955,0.0448,0,0.8238,0.824,109
111,0.05021,0.02872,0.005144,0.1296,0.05574,0.007919,0.011,0.09647,0.07105,0.8969,0.6026,1.211,0.002804,0.0001702,0.182,0.1607,0.2812,0.3535,8192,0,1,0.0003305,0.9332,0.9996,0.00881,0.4942,0.3633,0.4082,0.06812,0.002177,256,7,256,32,8192,0.4954,0.04478,0,0.8238,0.824,110
112,0.05014,0.02869,0.005179,0.1294,0.05546,0.00793,0.01098,0.09647,0.07116,0.8974,0.6028,1.21,0.002786,0.0001625,0.1792,0.1606,0.2832,0.3516,8192,0,1,0.0002867,0.9352,0.9996,0.008518,0.4943,0.3613,0.4082,0.0675,0.002166,256,7,256,32,8192,0.4954,0.04406,0,0.8236,0.824,111
113,0.04993,0.02849,0.005154,0.1293,0.05552,0.007909,0.01096,0.09634,0.07104,0.8974,0.6023,1.21,0.002743,0.000155,0.1765,0.1601,0.2832,0.3535,8192,0,1,0.0003425,0.9312,0.9996,0.008668,0.4941,0.3613,0.4082,0.06787,0.002169,256,7,256,32,8192,0.4951,0.04514,0,0.8236,0.824,112
114,0.04984,0.02848,0.005174,0.1288,0.05512,0.007966,0.01102,0.09606,0.07129,0.898,0.6014,1.21,0.002777,0.0001476,0.1738,0.1604,0.2812,0.3555,8192,0,1,0.0002987,0.9399,0.9996,0.008829,0.4941,0.3613,0.4082,0.06873,0.002159,256,7,256,32,8192,0.4953,0.04486,0,0.8239,0.824,113
115,0.04973,0.02842,0.005176,0.1286,0.05491,0.007885,0.011,0.096,0.07089,0.8985,0.6011,1.21,0.002749,0.0001404,0.1711,0.1607,0.2832,0.3535,8192,0,1,0.0002947,0.9303,0.9996,0.008503,0.4945,0.3613,0.4082,0.0675,0.002173,256,7,256,32,8192,0.496,0.04354,0,0.8236,0.824,114
116,0.04946,0.02816,0.005177,0.1285,0.05478,0.007896,0.01099,0.09598,0.07097,0.8986,0.6011,1.21,0.002721,0.0001334,0.1685,0.1602,0.2832,0.3555,8192,0,1,0.0003305,0.9293,0.9996,0.008778,0.4941,0.3613,0.4082,0.06677,0.002175,256,7,256,32,8192,0.4956,0.04491,0,0.8236,0.824,115
117,0.04949,0.02822,0.005184,0.1283,0.0546,0.007986,0.01105,0.096,0.07134,0.899,0.6013,1.21,0.002715,0.0001266,0.166,0.1608,0.2812,0.3555,8192,0,1,0.0003146,0.9342,0.9996,0.00905,0.4941,0.3613,0.4082,0.06738,0.002245,256,7,256,32,8192,0.4955,0.04459,0,0.8238,0.824,116
118,0.04957,0.02835,0.00518,0.1281,0.05442,0.00793,0.01103,0.09594,0.07112,0.8993,0.6009,1.21,0.002762,0.0001199,0.1634,0.1605,0.2812,0.3516,8192,0,1,0.0003305,0.9313,0.9997,0.008563,0.4939,0.3613,0.4082,0.06799,0.00214,256,7,256,32,8192,0.4956,0.04589,0,0.8238,0.824,117
119,0.04945,0.02822,0.005172,0.1282,0.05452,0.007904,0.01104,0.09592,0.07098,0.8992,0.6008,1.21,0.002723,0.0001134,0.1609,0.1607,0.2812,0.3535,8192,0,1,0.0003146,0.9319,0.9996,0.009,0.4941,0.3613,0.4082,0.06824,0.002125,256,7,256,32,8192,0.4954,0.04521,0,0.8238,0.824,118
120,0.04923,0.02807,0.005176,0.1278,0.05418,0.007946,0.011,0.09581,0.07118,0.8998,0.6007,1.21,0.002732,0.000107,0.1585,0.1604,0.2793,0.3517,8192,0,1,0.0002668,0.9287,0.9996,0.008638,0.4943,0.3633,0.4082,0.06677,0.002176,256,7,256,32,8192,0.4952,0.04434,0,0.8242,0.824,119
121,0.04897,0.0279,0.005193,0.1272,0.05374,0.007987,0.01106,0.0955,0.07137,0.9006,0.5995,1.21,0.002712,0.0001009,0.1561,0.1605,0.2793,0.3516,8192,0,1,0.0002708,0.9292,0.9997,0.008465,0.4942,0.3633,0.4082,0.0658,0.002104,256,7,256,32,8192,0.4956,0.04448,0,0.8242,0.824,120
122,0.04897,0.02796,0.005204,0.1269,0.0534,0.007963,0.01107,0.09544,0.07126,0.9012,0.5992,1.21,0.002705,9.489e-05,0.1537,0.1604,0.2812,0.3516,8192,0,1,0.0002748,0.9321,0.9997,0.008395,0.4942,0.3633,0.4082,0.06689,0.002101,256,7,256,32,8192,0.4952,0.04419,0,0.8239,0.824,121
123,0.04894,0.02797,0.005219,0.1266,0.05323,0.007969,0.0111,0.09538,0.07129,0.9015,0.5989,1.21,0.002725,8.91e-05,0.1514,0.1606,0.2812,0.3535,8192,0,1,0.0003305,0.9282,0.9996,0.008838,0.4943,0.3613,0.4082,0.06885,0.002149,256,7,256,32,8192,0.4953,0.04434,0,0.8238,0.824,122
124,0.04872,0.02779,0.005206,0.1264,0.05308,0.008002,0.0111,0.09531,0.07149,0.9018,0.5988,1.21,0.002703,8.35e-05,0.1491,0.1606,0.2793,0.3516,8192,0,1,0.0002867,0.9337,0.9996,0.008735,0.4942,0.3613,0.4082,0.06824,0.002155,256,7,256,32,8192,0.4952,0.04447,0,0.8241,0.824,123
125,0.04891,0.02799,0.005208,0.1264,0.0529,0.007998,0.01107,0.09546,0.07141,0.9021,0.5992,1.21,0.002716,7.808e-05,0.1468,0.1606,0.2793,0.3517,8192,0,1,0.0002668,0.9332,0.9996,0.00883,0.4942,0.3633,0.4082,0.0675,0.002146,256,7,256,32,8192,0.4954,0.04431,0,0.8241,0.824,124
126,0.04882,0.02797,0.005213,0.126,0.05263,0.007951,0.01113,0.09535,0.07122,0.9027,0.5987,1.21,0.002736,7.286e-05,0.1445,0.1606,0.2812,0.3535,8192,0,1,0.0002788,0.9338,0.9996,0.008755,0.4941,0.3613,0.4082,0.06787,0.002166,256,7,256,32,8192,0.4951,0.04447,0,0.8238,0.824,125
127,0.04868,0.02784,0.005217,0.126,0.05255,0.007934,0.01113,0.09541,0.07115,0.9028,0.5991,1.211,0.002713,6.784e-05,0.1423,0.1605,0.2793,0.3535,8192,0,1,0.0002748,0.9351,0.9996,0.008465,0.4944,0.3633,0.4082,0.06775,0.002138,256,7,256,32,8192,0.4956,0.04376,0,0.8242,0.824,126
128,0.04856,0.02779,0.005213,0.1256,0.05223,0.00795,0.01109,0.09523,0.07118,0.9034,0.5984,1.21,0.002692,6.301e-05,0.1402,0.1608,0.2812,0.3535,8192,0,1,0.0003146,0.9349,0.9996,0.008772,0.4943,0.3613,0.4082,0.06738,0.002153,256,7,256,32,8192,0.4954,0.04407,0,0.8238,0.824,127
129,0.0482,0.02751,0.005225,0.1252,0.05186,0.008085,0.01117,0.09508,0.07185,0.9041,0.5981,1.21,0.002654,5.838e-05,0.138,0.1605,0.2812,0.3517,8192,0,1,0.0003305,0.9329,0.9996,0.00843,0.4942,0.3633,0.4082,0.06824,0.002142,256,7,256,32,8192,0.4953,0.04442,0,0.8239,0.824,128
130,0.04834,0.02767,0.005215,0.1251,0.05174,0.007917,0.01113,0.09516,0.07103,0.9043,0.5983,1.21,0.002668,5.395e-05,0.1359,0.1603,0.2812,0.3516,8192,0,1,0.0003226,0.9309,0.9996,0.008323,0.4943,0.3613,0.4082,0.06873,0.002141,256,7,256,32,8192,0.4952,0.0443,0,0.8239,0.824,129
131,0.04822,0.02763,0.005231,0.1246,0.05132,0.008073,0.0112,0.09502,0.0718,0.9051,0.5977,1.211,0.002711,4.972e-05,0.1339,0.1604,0.2812,0.3498,8192,0,1,0.0003266,0.931,0.9996,0.008394,0.4942,0.3613,0.4082,0.06848,0.002116,256,7,256,32,8192,0.4952,0.04454,0,0.8239,0.824,130
132,0.04778,0.02727,0.005239,0.1241,0.05086,0.008029,0.01119,0.09488,0.07152,0.906,0.5973,1.211,0.002661,4.57e-05,0.1318,0.1606,0.2821,0.3516,8192,0,1,0.0003744,0.9333,0.9996,0.008398,0.4942,0.3613,0.4082,0.07056,0.002134,256,7,256,32,8192,0.4954,0.04469,0,0.8237,0.824,131
133,0.0478,0.02731,0.005236,0.1241,0.05081,0.008022,0.0112,0.09502,0.07152,0.9061,0.5979,1.211,0.002664,4.188e-05,0.1298,0.1604,0.2832,0.3516,8192,0,1,0.0003664,0.9355,0.9996,0.008156,0.4943,0.3613,0.4082,0.06873,0.002129,256,7,256,32,8192,0.4955,0.04423,0,0.8236,0.824,132
134,0.04815,0.02771,0.005229,0.1239,0.0505,0.007989,0.01121,0.09517,0.07133,0.9067,0.5982,1.21,0.002703,3.828e-05,0.1278,0.1605,0.2812,0.3516,8192,0,1,0.0003345,0.9321,0.9996,0.008241,0.4943,0.3613,0.4082,0.06775,0.002127,256,7,256,32,8192,0.4954,0.04435,0,0.8239,0.824,133
135,0.04793,0.0276,0.005243,0.1233,0.05006,0.007976,0.0112,0.09479,0.07131,0.9075,0.5969,1.21,0.002699,3.488e-05,0.1259,0.1604,0.2812,0.3516,8192,0,1,0.0003226,0.933,0.9996,0.008443,0.4942,0.3633,0.4082,0.06873,0.002117,256,7,256,32,8192,0.4952,0.04443,0,0.8239,0.824,134
136,0.04761,0.02733,0.005236,0.1229,0.04976,0.008052,0.01124,0.09475,0.07168,0.908,0.5967,1.21,0.002643,3.17e-05,0.124,0.1604,0.2812,0.3516,8192,0,1,0.0003106,0.9312,0.9996,0.008414,0.4943,0.3613,0.4082,0.06775,0.002122,256,7,256,32,8192,0.4954,0.04425,0,0.8239,0.824,135
137,0.0474,0.02721,0.005245,0.1224,0.0493,0.008066,0.01127,0.09463,0.0717,0.9089,0.5964,1.211,0.002645,2.873e-05,0.1221,0.1605,0.2793,0.3516,8192,0,1,0.0002828,0.9337,0.9996,0.008292,0.4941,0.3613,0.4082,0.06726,0.00211,256,7,256,32,8192,0.4956,0.04481,0,0.8242,0.824,136
138,0.04755,0.02742,0.00525,0.1222,0.04895,0.008012,0.01128,0.09482,0.07146,0.9096,0.5971,1.21,0.002651,2.597e-05,0.1202,0.1606,0.2793,0.3516,8192,0,1,0.0002987,0.9329,0.9996,0.008409,0.4942,0.3613,0.4082,0.06738,0.002104,256,7,256,32,8192,0.4955,0.04454,0,0.8242,0.824,137
139,0.04734,0.02727,0.005261,0.1219,0.04864,0.008087,0.01132,0.09475,0.0718,0.9102,0.5968,1.21,0.002631,2.344e-05,0.1184,0.1604,0.2793,0.3535,8192,0,1,0.0003106,0.9292,0.9996,0.008317,0.4942,0.3613,0.4082,0.06812,0.002143,256,7,256,32,8192,0.4955,0.04442,0,0.8242,0.824,138
140,0.04738,0.02739,0.005255,0.1215,0.04826,0.008124,0.01132,0.09471,0.07197,0.9109,0.5966,1.21,0.002657,2.111e-05,0.1166,0.1606,0.2802,0.3516,8192,0,1,0.0003425,0.9308,0.9996,0.008563,0.4942,0.3613,0.4082,0.06653,0.002114,256,7,256,32,8192,0.4955,0.04453,0,0.824,0.824,139
141,0.04718,0.02725,0.005263,0.1212,0.04784,0.008054,0.01135,0.0948,0.07167,0.9117,0.5971,1.21,0.002643,1.901e-05,0.1148,0.1605,0.2812,0.3516,8192,0,1,0.0003385,0.9293,0.9996,0.008577,0.4942,0.3613,0.4082,0.06775,0.002104,256,7,256,32,8192,0.4953,0.0446,0,0.8239,0.824,140
142,0.04693,0.02712,0.005263,0.1205,0.04729,0.008086,0.01138,0.0946,0.07177,0.9127,0.5963,1.21,0.002635,1.712e-05,0.1131,0.1605,0.2812,0.3516,8192,0,1,0.0003067,0.9287,0.9996,0.008494,0.4943,0.3613,0.4082,0.06848,0.002115,256,7,256,32,8192,0.4954,0.04452,0,0.8239,0.824,141
143,0.04677,0.02705,0.005265,0.1201,0.04687,0.008121,0.01137,0.09453,0.072,0.9135,0.5961,1.211,0.00264,1.546e-05,0.1113,0.1605,0.2812,0.3496,8192,0,1,0.0003106,0.9296,0.9996,0.008593,0.4942,0.3613,0.4082,0.06824,0.00213,256,7,256,32,8192,0.4955,0.04463,0,0.8239,0.824,142
144,0.047,0.02734,0.005271,0.1199,0.04646,0.008048,0.01142,0.09473,0.07159,0.9143,0.5968,1.21,0.002657,1.401e-05,0.1096,0.1604,0.2793,0.3478,8192,0,1,0.0002668,0.9319,0.9996,0.008373,0.4943,0.3613,0.4082,0.06689,0.002113,256,7,256,32,8192,0.4955,0.04439,0,0.8242,0.824,143
145,0.04664,0.02707,0.005265,0.1194,0.04606,0.008132,0.01143,0.09465,0.07195,0.915,0.5965,1.211,0.002625,1.279e-05,0.108,0.1604,0.2793,0.3496,8192,0,1,0.0002748,0.9307,0.9996,0.008411,0.4942,0.3613,0.4082,0.06775,0.002118,256,7,256,32,8192,0.4955,0.04449,0,0.8242,0.824,144
146,0.04687,0.02735,0.005272,0.1193,0.04572,0.008099,0.01144,0.09485,0.07187,0.9157,0.5971,1.21,0.002648,1.178e-05,0.1063,0.1604,0.2793,0.3496,8192,0,1,0.0002748,0.9301,0.9996,0.008334,0.4942,0.3613,0.4082,0.06787,0.002127,256,7,256,32,8192,0.4954,0.04449,0,0.8242,0.824,145
147,0.04649,0.02712,0.005285,0.1184,0.04499,0.008172,0.01149,0.09454,0.07216,0.917,0.5962,1.21,0.002628,1.1e-05,0.1047,0.1605,0.2793,0.3516,8192,0,1,0.0002907,0.9313,0.9996,0.008571,0.4943,0.3613,0.4082,0.06787,0.002126,256,7,256,32,8192,0.4953,0.04423,0,0.8242,0.824,146
148,0.04676,0.0274,0.00529,0.1185,0.04479,0.0081,0.01145,0.09492,0.07186,0.9175,0.5975,1.21,0.002652,1.045e-05,0.1031,0.1605,0.2793,0.3517,8192,0,1,0.0002509,0.9291,0.9997,0.008499,0.4943,0.3633,0.4082,0.06799,0.002116,256,7,256,32,8192,0.4954,0.04443,0,0.8242,0.824,147
149,0.04653,0.02729,0.005287,0.1178,0.0442,0.008146,0.0115,0.09476,0.07208,0.9186,0.5969,1.21,0.002655,1.011e-05,0.1015,0.1605,0.2812,0.3516,8192,0,1,0.0002867,0.931,0.9996,0.008335,0.4942,0.3633,0.4082,0.06714,0.002122,256,7,256,32,8192,0.4955,0.04456,0,0.8239,0.824,148
150,0.04649,0.02733,0.005303,0.1174,0.04371,0.00815,0.01154,0.0948,0.07205,0.9195,0.597,1.211,0.002663,1e-05,0.1,0.1605,0.2793,0.3496,8192,0,1,0.0002549,0.9301,0.9996,0.008641,0.4942,0.3613,0.4082,0.06763,0.00212,256,7,256,32,8192,0.4954,0.04464,0,0.8242,0.824,149
